Case, TP, FN, FP, TN, Precision, Recall, F-score, Accuracy, Miss-rate, Fall-out-rate
1,114,50,39,125,0.745098039215686,0.695121951219512,0.719242902208202,0.728658536585366,0.209205020920502,0.23780487804878
1,96,68,21,143,0.82051282051282,0.585365853658537,0.683274021352313,0.728658536585366,0.284518828451883,0.128048780487805
1,101,63,20,144,0.834710743801653,0.615853658536585,0.708771929824561,0.746951219512195,0.257142857142857,0.121951219512195
1,108,56,34,130,0.76056338028169,0.658536585365854,0.705882352941177,0.725609756097561,0.235294117647059,0.207317073170732
1,117,47,44,120,0.726708074534162,0.713414634146341,0.72,0.722560975609756,0.19831223628692,0.268292682926829
1,111,53,33,131,0.770833333333333,0.676829268292683,0.720779220779221,0.73780487804878,0.21900826446281,0.201219512195122
1,119,45,34,130,0.777777777777778,0.725609756097561,0.750788643533123,0.759146341463415,0.180722891566265,0.207317073170732
1,125,39,45,119,0.735294117647059,0.76219512195122,0.748502994011976,0.74390243902439,0.159836065573771,0.274390243902439
1,112,52,25,139,0.817518248175182,0.682926829268293,0.744186046511628,0.765243902439024,0.207171314741036,0.152439024390244
1,111,53,38,126,0.74496644295302,0.676829268292683,0.70926517571885,0.722560975609756,0.223628691983122,0.231707317073171
1,114,50,41,123,0.735483870967742,0.695121951219512,0.714733542319749,0.722560975609756,0.210970464135021,0.25
1,120,44,30,134,0.8,0.731707317073171,0.764331210191083,0.774390243902439,0.173228346456693,0.182926829268293
1,111,53,29,135,0.792857142857143,0.676829268292683,0.730263157894737,0.75,0.215447154471545,0.176829268292683
1,118,46,32,132,0.786666666666667,0.719512195121951,0.751592356687898,0.76219512195122,0.184,0.195121951219512
1,120,44,37,127,0.764331210191083,0.731707317073171,0.747663551401869,0.753048780487805,0.178137651821862,0.225609756097561
1,122,42,39,125,0.757763975155279,0.74390243902439,0.750769230769231,0.753048780487805,0.17004048582996,0.23780487804878
1,120,44,35,129,0.774193548387097,0.731707317073171,0.752351097178683,0.759146341463415,0.176706827309237,0.213414634146341
1,125,39,33,131,0.791139240506329,0.76219512195122,0.77639751552795,0.780487804878049,0.15234375,0.201219512195122
1,109,55,27,137,0.801470588235294,0.664634146341463,0.726666666666667,0.75,0.223577235772358,0.164634146341463
1,113,51,36,128,0.758389261744966,0.689024390243902,0.722044728434505,0.734756097560976,0.211618257261411,0.219512195121951
1,114,50,38,126,0.75,0.695121951219512,0.721518987341772,0.731707317073171,0.208333333333333,0.231707317073171
1,126,38,28,136,0.818181818181818,0.768292682926829,0.792452830188679,0.798780487804878,0.145038167938931,0.170731707317073
1,117,47,32,132,0.785234899328859,0.713414634146341,0.747603833865815,0.759146341463415,0.188755020080321,0.195121951219512
1,121,43,25,139,0.828767123287671,0.73780487804878,0.780645161290323,0.792682926829268,0.165384615384615,0.152439024390244
1,112,52,44,120,0.717948717948718,0.682926829268293,0.7,0.707317073170732,0.224137931034483,0.268292682926829
1,123,41,32,132,0.793548387096774,0.75,0.77115987460815,0.777439024390244,0.16078431372549,0.195121951219512
1,118,46,30,134,0.797297297297297,0.719512195121951,0.756410256410256,0.768292682926829,0.182539682539683,0.182926829268293
1,117,47,31,133,0.790540540540541,0.713414634146341,0.75,0.76219512195122,0.188,0.189024390243902
1,110,54,37,127,0.748299319727891,0.670731707317073,0.707395498392283,0.722560975609756,0.227848101265823,0.225609756097561
1,118,46,39,125,0.751592356687898,0.719512195121951,0.735202492211838,0.740853658536585,0.189300411522634,0.23780487804878
1,111,53,31,133,0.78169014084507,0.676829268292683,0.725490196078431,0.74390243902439,0.217213114754098,0.189024390243902
1,117,47,30,134,0.795918367346939,0.713414634146341,0.752411575562701,0.765243902439024,0.187250996015936,0.182926829268293
1,110,54,26,138,0.808823529411765,0.670731707317073,0.733333333333333,0.75609756097561,0.217741935483871,0.158536585365854
1,111,53,27,137,0.804347826086957,0.676829268292683,0.735099337748344,0.75609756097561,0.213709677419355,0.164634146341463
1,119,45,33,131,0.782894736842105,0.725609756097561,0.753164556962025,0.76219512195122,0.18,0.201219512195122
1,113,51,26,138,0.81294964028777,0.689024390243902,0.745874587458746,0.765243902439024,0.203187250996016,0.158536585365854
1,107,57,37,127,0.743055555555556,0.652439024390244,0.694805194805195,0.713414634146341,0.243589743589744,0.225609756097561
1,115,49,30,134,0.793103448275862,0.701219512195122,0.744336569579288,0.759146341463415,0.196787148594378,0.182926829268293
1,116,48,28,136,0.805555555555556,0.707317073170732,0.753246753246753,0.768292682926829,0.19047619047619,0.170731707317073
1,118,46,39,125,0.751592356687898,0.719512195121951,0.735202492211838,0.740853658536585,0.189300411522634,0.23780487804878
1,114,50,33,131,0.775510204081633,0.695121951219512,0.733118971061093,0.746951219512195,0.204081632653061,0.201219512195122
1,122,42,37,127,0.767295597484277,0.74390243902439,0.755417956656347,0.759146341463415,0.168674698795181,0.225609756097561
1,118,46,33,131,0.781456953642384,0.719512195121951,0.749206349206349,0.759146341463415,0.184738955823293,0.201219512195122
1,115,49,34,130,0.771812080536913,0.701219512195122,0.73482428115016,0.746951219512195,0.2,0.207317073170732
1,119,45,35,129,0.772727272727273,0.725609756097561,0.748427672955975,0.75609756097561,0.181451612903226,0.213414634146341
1,118,46,37,127,0.761290322580645,0.719512195121951,0.739811912225705,0.746951219512195,0.187755102040816,0.225609756097561
1,123,41,26,138,0.825503355704698,0.75,0.78594249201278,0.795731707317073,0.157088122605364,0.158536585365854
1,114,50,29,135,0.797202797202797,0.695121951219512,0.742671009771987,0.759146341463415,0.200803212851406,0.176829268292683
1,117,47,43,121,0.73125,0.713414634146341,0.722222222222222,0.725609756097561,0.197478991596639,0.26219512195122
1,114,50,35,129,0.76510067114094,0.695121951219512,0.728434504792332,0.740853658536585,0.205761316872428,0.213414634146341
1,114,50,30,134,0.791666666666667,0.695121951219512,0.74025974025974,0.75609756097561,0.201612903225806,0.182926829268293
1,113,51,39,125,0.743421052631579,0.689024390243902,0.715189873417722,0.725609756097561,0.214285714285714,0.23780487804878
1,121,43,44,120,0.733333333333333,0.73780487804878,0.735562310030395,0.734756097560976,0.178423236514523,0.268292682926829
1,96,68,30,134,0.761904761904762,0.585365853658537,0.662068965517241,0.701219512195122,0.295652173913043,0.182926829268293
1,110,54,38,126,0.743243243243243,0.670731707317073,0.705128205128205,0.719512195121951,0.228813559322034,0.231707317073171
1,114,50,33,131,0.775510204081633,0.695121951219512,0.733118971061093,0.746951219512195,0.204081632653061,0.201219512195122
1,106,58,31,133,0.773722627737226,0.646341463414634,0.704318936877076,0.728658536585366,0.242677824267782,0.189024390243902
1,114,50,29,135,0.797202797202797,0.695121951219512,0.742671009771987,0.759146341463415,0.200803212851406,0.176829268292683
1,112,52,38,126,0.746666666666667,0.682926829268293,0.713375796178344,0.725609756097561,0.218487394957983,0.231707317073171
1,114,50,38,126,0.75,0.695121951219512,0.721518987341772,0.731707317073171,0.208333333333333,0.231707317073171
1,123,41,37,127,0.76875,0.75,0.759259259259259,0.76219512195122,0.164,0.225609756097561
1,122,42,42,122,0.74390243902439,0.74390243902439,0.74390243902439,0.74390243902439,0.172131147540984,0.25609756097561
1,113,51,29,135,0.795774647887324,0.689024390243902,0.738562091503268,0.75609756097561,0.205645161290323,0.176829268292683
1,108,56,30,134,0.782608695652174,0.658536585365854,0.71523178807947,0.73780487804878,0.231404958677686,0.182926829268293
1,112,52,31,133,0.783216783216783,0.682926829268293,0.729641693811075,0.746951219512195,0.212244897959184,0.189024390243902
1,113,51,36,128,0.758389261744966,0.689024390243902,0.722044728434505,0.734756097560976,0.211618257261411,0.219512195121951
1,108,56,35,129,0.755244755244755,0.658536585365854,0.703583061889251,0.722560975609756,0.236286919831224,0.213414634146341
1,113,51,33,131,0.773972602739726,0.689024390243902,0.729032258064516,0.74390243902439,0.209016393442623,0.201219512195122
1,111,53,39,125,0.74,0.676829268292683,0.707006369426752,0.719512195121951,0.224576271186441,0.23780487804878
1,109,55,31,133,0.778571428571429,0.664634146341463,0.717105263157895,0.73780487804878,0.227272727272727,0.189024390243902
1,123,41,32,132,0.793548387096774,0.75,0.77115987460815,0.777439024390244,0.16078431372549,0.195121951219512
1,119,45,33,131,0.782894736842105,0.725609756097561,0.753164556962025,0.76219512195122,0.18,0.201219512195122
1,110,54,27,137,0.802919708029197,0.670731707317073,0.730897009966777,0.753048780487805,0.218623481781377,0.164634146341463
1,117,47,27,137,0.8125,0.713414634146341,0.75974025974026,0.774390243902439,0.18503937007874,0.164634146341463
1,113,51,31,133,0.784722222222222,0.689024390243902,0.733766233766234,0.75,0.207317073170732,0.189024390243902
1,99,65,27,137,0.785714285714286,0.603658536585366,0.682758620689655,0.719512195121951,0.275423728813559,0.164634146341463
1,123,41,39,125,0.759259259259259,0.75,0.754601226993865,0.75609756097561,0.165322580645161,0.23780487804878
1,118,46,35,129,0.77124183006536,0.719512195121951,0.744479495268139,0.753048780487805,0.186234817813765,0.213414634146341
1,112,52,36,128,0.756756756756757,0.682926829268293,0.717948717948718,0.731707317073171,0.216666666666667,0.219512195121951
1,113,51,34,130,0.768707482993197,0.689024390243902,0.726688102893891,0.740853658536585,0.209876543209877,0.207317073170732
1,107,57,32,132,0.76978417266187,0.652439024390244,0.706270627062706,0.728658536585366,0.238493723849372,0.195121951219512
1,119,45,31,133,0.793333333333333,0.725609756097561,0.75796178343949,0.768292682926829,0.178571428571429,0.189024390243902
1,117,47,35,129,0.769736842105263,0.713414634146341,0.740506329113924,0.75,0.191056910569106,0.213414634146341
1,115,49,39,125,0.746753246753247,0.701219512195122,0.723270440251572,0.731707317073171,0.204166666666667,0.23780487804878
1,117,47,37,127,0.75974025974026,0.713414634146341,0.735849056603774,0.74390243902439,0.192622950819672,0.225609756097561
1,114,50,32,132,0.780821917808219,0.695121951219512,0.735483870967742,0.75,0.203252032520325,0.195121951219512
1,104,60,32,132,0.764705882352941,0.634146341463415,0.693333333333333,0.719512195121951,0.254237288135593,0.195121951219512
1,110,54,35,129,0.758620689655172,0.670731707317073,0.711974110032362,0.728658536585366,0.225941422594142,0.213414634146341
1,109,55,26,138,0.807407407407407,0.664634146341463,0.729096989966555,0.753048780487805,0.222672064777328,0.158536585365854
1,119,45,35,129,0.772727272727273,0.725609756097561,0.748427672955975,0.75609756097561,0.181451612903226,0.213414634146341
1,106,58,31,133,0.773722627737226,0.646341463414634,0.704318936877076,0.728658536585366,0.242677824267782,0.189024390243902
1,110,54,23,141,0.827067669172932,0.670731707317073,0.740740740740741,0.765243902439024,0.215139442231076,0.140243902439024
1,112,52,35,129,0.761904761904762,0.682926829268293,0.720257234726688,0.734756097560976,0.215767634854772,0.213414634146341
1,128,36,26,138,0.831168831168831,0.780487804878049,0.805031446540881,0.810975609756098,0.135338345864662,0.158536585365854
1,117,47,27,137,0.8125,0.713414634146341,0.75974025974026,0.774390243902439,0.18503937007874,0.164634146341463
1,115,49,42,122,0.732484076433121,0.701219512195122,0.716510903426791,0.722560975609756,0.206751054852321,0.25609756097561
1,111,53,29,135,0.792857142857143,0.676829268292683,0.730263157894737,0.75,0.215447154471545,0.176829268292683
1,108,56,26,138,0.805970149253731,0.658536585365854,0.724832214765101,0.75,0.227642276422764,0.158536585365854
1,114,50,40,124,0.74025974025974,0.695121951219512,0.716981132075472,0.725609756097561,0.210084033613445,0.24390243902439
1,113,51,40,124,0.738562091503268,0.689024390243902,0.712933753943218,0.722560975609756,0.215189873417722,0.24390243902439
2,120,44,21,143,0.851063829787234,0.731707317073171,0.786885245901639,0.801829268292683,0.167300380228137,0.128048780487805
2,115,49,35,129,0.766666666666667,0.701219512195122,0.732484076433121,0.74390243902439,0.200819672131148,0.213414634146341
2,118,46,33,131,0.781456953642384,0.719512195121951,0.749206349206349,0.759146341463415,0.184738955823293,0.201219512195122
2,107,57,30,134,0.781021897810219,0.652439024390244,0.710963455149502,0.734756097560976,0.236514522821577,0.182926829268293
2,108,56,38,126,0.73972602739726,0.658536585365854,0.696774193548387,0.713414634146341,0.239316239316239,0.231707317073171
2,114,50,34,130,0.77027027027027,0.695121951219512,0.730769230769231,0.74390243902439,0.204918032786885,0.207317073170732
2,119,45,35,129,0.772727272727273,0.725609756097561,0.748427672955975,0.75609756097561,0.181451612903226,0.213414634146341
2,118,46,33,131,0.781456953642384,0.719512195121951,0.749206349206349,0.759146341463415,0.184738955823293,0.201219512195122
2,114,50,24,140,0.826086956521739,0.695121951219512,0.754966887417219,0.774390243902439,0.196850393700787,0.146341463414634
2,117,47,26,138,0.818181818181818,0.713414634146341,0.762214983713355,0.777439024390244,0.184313725490196,0.158536585365854
2,107,57,32,132,0.76978417266187,0.652439024390244,0.706270627062706,0.728658536585366,0.238493723849372,0.195121951219512
2,111,53,33,131,0.770833333333333,0.676829268292683,0.720779220779221,0.73780487804878,0.21900826446281,0.201219512195122
2,108,56,39,125,0.73469387755102,0.658536585365854,0.694533762057878,0.710365853658537,0.240343347639485,0.23780487804878
2,104,60,32,132,0.764705882352941,0.634146341463415,0.693333333333333,0.719512195121951,0.254237288135593,0.195121951219512
2,120,44,40,124,0.75,0.731707317073171,0.740740740740741,0.74390243902439,0.180327868852459,0.24390243902439
2,109,55,28,136,0.795620437956204,0.664634146341463,0.724252491694352,0.746951219512195,0.224489795918367,0.170731707317073
2,108,56,31,133,0.776978417266187,0.658536585365854,0.712871287128713,0.734756097560976,0.232365145228216,0.189024390243902
2,115,49,33,131,0.777027027027027,0.701219512195122,0.737179487179487,0.75,0.199186991869919,0.201219512195122
2,123,41,32,132,0.793548387096774,0.75,0.77115987460815,0.777439024390244,0.16078431372549,0.195121951219512
2,122,42,27,137,0.818791946308725,0.74390243902439,0.779552715654952,0.789634146341463,0.162162162162162,0.164634146341463
2,121,43,28,136,0.812080536912752,0.73780487804878,0.773162939297125,0.783536585365854,0.167315175097276,0.170731707317073
2,112,52,32,132,0.777777777777778,0.682926829268293,0.727272727272727,0.74390243902439,0.213114754098361,0.195121951219512
2,119,45,33,131,0.782894736842105,0.725609756097561,0.753164556962025,0.76219512195122,0.18,0.201219512195122
2,123,41,32,132,0.793548387096774,0.75,0.77115987460815,0.777439024390244,0.16078431372549,0.195121951219512
2,103,61,29,135,0.78030303030303,0.628048780487805,0.695945945945946,0.725609756097561,0.256302521008403,0.176829268292683
2,112,52,43,121,0.72258064516129,0.682926829268293,0.702194357366771,0.710365853658537,0.223175965665236,0.26219512195122
2,114,50,30,134,0.791666666666667,0.695121951219512,0.74025974025974,0.75609756097561,0.201612903225806,0.182926829268293
2,125,39,28,136,0.816993464052288,0.76219512195122,0.788643533123028,0.795731707317073,0.149425287356322,0.170731707317073
2,116,48,41,123,0.738853503184713,0.707317073170732,0.722741433021807,0.728658536585366,0.200836820083682,0.25
2,112,52,22,142,0.835820895522388,0.682926829268293,0.751677852348993,0.774390243902439,0.204724409448819,0.134146341463415
2,121,43,30,134,0.801324503311258,0.73780487804878,0.768253968253968,0.777439024390244,0.168627450980392,0.182926829268293
2,114,50,31,133,0.786206896551724,0.695121951219512,0.737864077669903,0.753048780487805,0.202429149797571,0.189024390243902
2,119,45,37,127,0.762820512820513,0.725609756097561,0.74375,0.75,0.182926829268293,0.225609756097561
2,115,49,25,139,0.821428571428571,0.701219512195122,0.756578947368421,0.774390243902439,0.192913385826772,0.152439024390244
2,119,45,28,136,0.80952380952381,0.725609756097561,0.765273311897106,0.777439024390244,0.176470588235294,0.170731707317073
2,116,48,37,127,0.758169934640523,0.707317073170732,0.73186119873817,0.740853658536585,0.197530864197531,0.225609756097561
2,109,55,25,139,0.813432835820896,0.664634146341463,0.731543624161074,0.75609756097561,0.221774193548387,0.152439024390244
2,107,57,36,128,0.748251748251748,0.652439024390244,0.697068403908795,0.716463414634146,0.242553191489362,0.219512195121951
2,111,53,32,132,0.776223776223776,0.676829268292683,0.723127035830619,0.740853658536585,0.218106995884774,0.195121951219512
2,111,53,27,137,0.804347826086957,0.676829268292683,0.735099337748344,0.75609756097561,0.213709677419355,0.164634146341463
2,116,48,34,130,0.773333333333333,0.707317073170732,0.738853503184713,0.75,0.195121951219512,0.207317073170732
2,115,49,28,136,0.804195804195804,0.701219512195122,0.749185667752443,0.765243902439024,0.195219123505976,0.170731707317073
2,112,52,23,141,0.82962962962963,0.682926829268293,0.749163879598662,0.771341463414634,0.205533596837945,0.140243902439024
2,117,47,36,128,0.764705882352941,0.713414634146341,0.738170347003155,0.746951219512195,0.191836734693878,0.219512195121951
2,121,43,32,132,0.790849673202614,0.73780487804878,0.763406940063092,0.771341463414634,0.1699604743083,0.195121951219512
2,123,41,28,136,0.814569536423841,0.75,0.780952380952381,0.789634146341463,0.158301158301158,0.170731707317073
2,123,41,37,127,0.76875,0.75,0.759259259259259,0.76219512195122,0.164,0.225609756097561
2,110,54,26,138,0.808823529411765,0.670731707317073,0.733333333333333,0.75609756097561,0.217741935483871,0.158536585365854
2,123,41,27,137,0.82,0.75,0.78343949044586,0.792682926829268,0.157692307692308,0.164634146341463
2,132,32,37,127,0.781065088757396,0.804878048780488,0.792792792792793,0.789634146341463,0.123552123552124,0.225609756097561
2,128,36,34,130,0.790123456790123,0.780487804878049,0.785276073619632,0.786585365853659,0.13953488372093,0.207317073170732
2,130,34,29,135,0.817610062893082,0.792682926829268,0.804953560371517,0.807926829268293,0.128301886792453,0.176829268292683
2,112,52,32,132,0.777777777777778,0.682926829268293,0.727272727272727,0.74390243902439,0.213114754098361,0.195121951219512
2,111,53,34,130,0.76551724137931,0.676829268292683,0.718446601941748,0.734756097560976,0.219917012448133,0.207317073170732
2,116,48,32,132,0.783783783783784,0.707317073170732,0.743589743589744,0.75609756097561,0.193548387096774,0.195121951219512
2,119,45,39,125,0.753164556962025,0.725609756097561,0.739130434782609,0.74390243902439,0.184426229508197,0.23780487804878
2,116,48,36,128,0.763157894736842,0.707317073170732,0.734177215189873,0.74390243902439,0.19672131147541,0.219512195121951
2,106,58,26,138,0.803030303030303,0.646341463414634,0.716216216216216,0.74390243902439,0.237704918032787,0.158536585365854
2,101,63,23,141,0.814516129032258,0.615853658536585,0.701388888888889,0.73780487804878,0.260330578512397,0.140243902439024
2,119,45,39,125,0.753164556962025,0.725609756097561,0.739130434782609,0.74390243902439,0.184426229508197,0.23780487804878
2,123,41,33,131,0.788461538461538,0.75,0.76875,0.774390243902439,0.161417322834646,0.201219512195122
2,119,45,32,132,0.788079470198676,0.725609756097561,0.755555555555556,0.765243902439024,0.179282868525896,0.195121951219512
2,107,57,33,131,0.764285714285714,0.652439024390244,0.703947368421053,0.725609756097561,0.239495798319328,0.201219512195122
2,114,50,35,129,0.76510067114094,0.695121951219512,0.728434504792332,0.740853658536585,0.205761316872428,0.213414634146341
2,123,41,33,131,0.788461538461538,0.75,0.76875,0.774390243902439,0.161417322834646,0.201219512195122
2,113,51,33,131,0.773972602739726,0.689024390243902,0.729032258064516,0.74390243902439,0.209016393442623,0.201219512195122
2,117,47,32,132,0.785234899328859,0.713414634146341,0.747603833865815,0.759146341463415,0.188755020080321,0.195121951219512
2,113,51,28,136,0.801418439716312,0.689024390243902,0.740983606557377,0.759146341463415,0.204819277108434,0.170731707317073
2,117,47,34,130,0.774834437086093,0.713414634146341,0.742857142857143,0.753048780487805,0.190283400809717,0.207317073170732
2,111,53,33,131,0.770833333333333,0.676829268292683,0.720779220779221,0.73780487804878,0.21900826446281,0.201219512195122
2,106,58,32,132,0.768115942028985,0.646341463414634,0.701986754966887,0.725609756097561,0.243697478991597,0.195121951219512
2,114,50,30,134,0.791666666666667,0.695121951219512,0.74025974025974,0.75609756097561,0.201612903225806,0.182926829268293
2,121,43,35,129,0.775641025641026,0.73780487804878,0.75625,0.76219512195122,0.172,0.213414634146341
2,115,49,37,127,0.756578947368421,0.701219512195122,0.727848101265823,0.73780487804878,0.202479338842975,0.225609756097561
2,107,57,32,132,0.76978417266187,0.652439024390244,0.706270627062706,0.728658536585366,0.238493723849372,0.195121951219512
2,120,44,38,126,0.759493670886076,0.731707317073171,0.745341614906832,0.75,0.178861788617886,0.231707317073171
2,115,49,32,132,0.782312925170068,0.701219512195122,0.739549839228296,0.753048780487805,0.198380566801619,0.195121951219512
2,119,45,39,125,0.753164556962025,0.725609756097561,0.739130434782609,0.74390243902439,0.184426229508197,0.23780487804878
2,119,45,40,124,0.748427672955975,0.725609756097561,0.736842105263158,0.740853658536585,0.185185185185185,0.24390243902439
2,117,47,22,142,0.841726618705036,0.713414634146341,0.772277227722772,0.789634146341463,0.181467181467181,0.134146341463415
2,121,43,34,130,0.780645161290323,0.73780487804878,0.758620689655172,0.765243902439024,0.171314741035857,0.207317073170732
2,118,46,31,133,0.791946308724832,0.719512195121951,0.753993610223642,0.765243902439024,0.183266932270916,0.189024390243902
2,111,53,33,131,0.770833333333333,0.676829268292683,0.720779220779221,0.73780487804878,0.21900826446281,0.201219512195122
2,116,48,21,143,0.846715328467153,0.707317073170732,0.770764119601329,0.789634146341463,0.185328185328185,0.128048780487805
2,106,58,24,140,0.815384615384615,0.646341463414634,0.72108843537415,0.75,0.235772357723577,0.146341463414634
2,112,52,36,128,0.756756756756757,0.682926829268293,0.717948717948718,0.731707317073171,0.216666666666667,0.219512195121951
2,118,46,27,137,0.813793103448276,0.719512195121951,0.763754045307443,0.777439024390244,0.180392156862745,0.164634146341463
2,105,59,27,137,0.795454545454545,0.640243902439024,0.709459459459459,0.73780487804878,0.243801652892562,0.164634146341463
2,109,55,34,130,0.762237762237762,0.664634146341463,0.710097719869707,0.728658536585366,0.230125523012552,0.207317073170732
2,103,61,18,146,0.851239669421488,0.628048780487805,0.72280701754386,0.759146341463415,0.244979919678715,0.109756097560976
2,114,50,30,134,0.791666666666667,0.695121951219512,0.74025974025974,0.75609756097561,0.201612903225806,0.182926829268293
2,109,55,29,135,0.789855072463768,0.664634146341463,0.721854304635762,0.74390243902439,0.225409836065574,0.176829268292683
2,119,45,29,135,0.804054054054054,0.725609756097561,0.762820512820513,0.774390243902439,0.177165354330709,0.176829268292683
2,111,53,38,126,0.74496644295302,0.676829268292683,0.70926517571885,0.722560975609756,0.223628691983122,0.231707317073171
2,112,52,30,134,0.788732394366197,0.682926829268293,0.73202614379085,0.75,0.211382113821138,0.182926829268293
2,108,56,33,131,0.765957446808511,0.658536585365854,0.708196721311475,0.728658536585366,0.234309623430962,0.201219512195122
2,117,47,31,133,0.790540540540541,0.713414634146341,0.75,0.76219512195122,0.188,0.189024390243902
2,124,40,29,135,0.810457516339869,0.75609756097561,0.782334384858044,0.789634146341463,0.154440154440154,0.176829268292683
2,124,40,45,119,0.733727810650888,0.75609756097561,0.744744744744745,0.740853658536585,0.164609053497942,0.274390243902439
2,122,42,38,126,0.7625,0.74390243902439,0.753086419753086,0.75609756097561,0.169354838709677,0.231707317073171
3,117,47,31,133,0.790540540540541,0.713414634146341,0.75,0.76219512195122,0.188,0.189024390243902
3,119,45,28,136,0.80952380952381,0.725609756097561,0.765273311897106,0.777439024390244,0.176470588235294,0.170731707317073
3,112,52,30,134,0.788732394366197,0.682926829268293,0.73202614379085,0.75,0.211382113821138,0.182926829268293
3,119,45,32,132,0.788079470198676,0.725609756097561,0.755555555555556,0.765243902439024,0.179282868525896,0.195121951219512
3,127,37,38,126,0.76969696969697,0.774390243902439,0.772036474164134,0.771341463414634,0.146245059288538,0.231707317073171
3,114,50,33,131,0.775510204081633,0.695121951219512,0.733118971061093,0.746951219512195,0.204081632653061,0.201219512195122
3,120,44,37,127,0.764331210191083,0.731707317073171,0.747663551401869,0.753048780487805,0.178137651821862,0.225609756097561
3,109,55,28,136,0.795620437956204,0.664634146341463,0.724252491694352,0.746951219512195,0.224489795918367,0.170731707317073
3,124,40,30,134,0.805194805194805,0.75609756097561,0.779874213836478,0.786585365853659,0.155038759689922,0.182926829268293
3,118,46,40,124,0.746835443037975,0.719512195121951,0.732919254658385,0.73780487804878,0.190082644628099,0.24390243902439
3,106,58,23,141,0.821705426356589,0.646341463414634,0.723549488054608,0.753048780487805,0.234817813765182,0.140243902439024
3,108,56,23,141,0.824427480916031,0.658536585365854,0.732203389830508,0.759146341463415,0.224899598393574,0.140243902439024
3,117,47,28,136,0.806896551724138,0.713414634146341,0.757281553398058,0.771341463414634,0.185770750988142,0.170731707317073
3,106,58,24,140,0.815384615384615,0.646341463414634,0.72108843537415,0.75,0.235772357723577,0.146341463414634
3,116,48,30,134,0.794520547945205,0.707317073170732,0.748387096774194,0.76219512195122,0.192,0.182926829268293
3,108,56,32,132,0.771428571428571,0.658536585365854,0.710526315789474,0.731707317073171,0.233333333333333,0.195121951219512
3,123,41,33,131,0.788461538461538,0.75,0.76875,0.774390243902439,0.161417322834646,0.201219512195122
3,117,47,38,126,0.754838709677419,0.713414634146341,0.733542319749216,0.740853658536585,0.193415637860082,0.231707317073171
3,120,44,35,129,0.774193548387097,0.731707317073171,0.752351097178683,0.759146341463415,0.176706827309237,0.213414634146341
3,114,50,32,132,0.780821917808219,0.695121951219512,0.735483870967742,0.75,0.203252032520325,0.195121951219512
3,115,49,27,137,0.809859154929577,0.701219512195122,0.751633986928105,0.768292682926829,0.194444444444444,0.164634146341463
3,118,46,31,133,0.791946308724832,0.719512195121951,0.753993610223642,0.765243902439024,0.183266932270916,0.189024390243902
3,118,46,30,134,0.797297297297297,0.719512195121951,0.756410256410256,0.768292682926829,0.182539682539683,0.182926829268293
3,109,55,25,139,0.813432835820896,0.664634146341463,0.731543624161074,0.75609756097561,0.221774193548387,0.152439024390244
3,130,34,31,133,0.807453416149068,0.792682926829268,0.8,0.801829268292683,0.129277566539924,0.189024390243902
3,113,51,30,134,0.79020979020979,0.689024390243902,0.736156351791531,0.753048780487805,0.206477732793522,0.182926829268293
3,110,54,36,128,0.753424657534247,0.670731707317073,0.709677419354839,0.725609756097561,0.226890756302521,0.219512195121951
3,112,52,39,125,0.741721854304636,0.682926829268293,0.711111111111111,0.722560975609756,0.219409282700422,0.23780487804878
3,114,50,23,141,0.832116788321168,0.695121951219512,0.757475083056478,0.777439024390244,0.196078431372549,0.140243902439024
3,118,46,28,136,0.808219178082192,0.719512195121951,0.761290322580645,0.774390243902439,0.181102362204724,0.170731707317073
3,120,44,36,128,0.769230769230769,0.731707317073171,0.75,0.75609756097561,0.17741935483871,0.219512195121951
3,122,42,45,119,0.730538922155689,0.74390243902439,0.737160120845921,0.734756097560976,0.174273858921162,0.274390243902439
3,103,61,27,137,0.792307692307692,0.628048780487805,0.700680272108844,0.731707317073171,0.254166666666667,0.164634146341463
3,114,50,28,136,0.802816901408451,0.695121951219512,0.745098039215686,0.76219512195122,0.2,0.170731707317073
3,115,49,36,128,0.76158940397351,0.701219512195122,0.73015873015873,0.740853658536585,0.201646090534979,0.219512195121951
3,127,37,31,133,0.80379746835443,0.774390243902439,0.788819875776398,0.792682926829268,0.142307692307692,0.189024390243902
3,119,45,32,132,0.788079470198676,0.725609756097561,0.755555555555556,0.765243902439024,0.179282868525896,0.195121951219512
3,103,61,43,121,0.705479452054795,0.628048780487805,0.664516129032258,0.682926829268293,0.272321428571429,0.26219512195122
3,111,53,27,137,0.804347826086957,0.676829268292683,0.735099337748344,0.75609756097561,0.213709677419355,0.164634146341463
3,123,41,31,133,0.798701298701299,0.75,0.773584905660377,0.780487804878049,0.16015625,0.189024390243902
3,121,43,37,127,0.765822784810127,0.73780487804878,0.751552795031056,0.75609756097561,0.173387096774194,0.225609756097561
3,113,51,32,132,0.779310344827586,0.689024390243902,0.731391585760518,0.746951219512195,0.208163265306122,0.195121951219512
3,109,55,33,131,0.767605633802817,0.664634146341463,0.712418300653595,0.731707317073171,0.229166666666667,0.201219512195122
3,114,50,37,127,0.754966887417219,0.695121951219512,0.723809523809524,0.734756097560976,0.20746887966805,0.225609756097561
3,128,36,37,127,0.775757575757576,0.780487804878049,0.778115501519757,0.777439024390244,0.141176470588235,0.225609756097561
3,111,53,32,132,0.776223776223776,0.676829268292683,0.723127035830619,0.740853658536585,0.218106995884774,0.195121951219512
3,116,48,43,121,0.729559748427673,0.707317073170732,0.718266253869969,0.722560975609756,0.20253164556962,0.26219512195122
3,112,52,37,127,0.751677852348993,0.682926829268293,0.715654952076677,0.728658536585366,0.217573221757322,0.225609756097561
3,123,41,37,127,0.76875,0.75,0.759259259259259,0.76219512195122,0.164,0.225609756097561
3,123,41,39,125,0.759259259259259,0.75,0.754601226993865,0.75609756097561,0.165322580645161,0.23780487804878
3,126,38,27,137,0.823529411764706,0.768292682926829,0.794952681388013,0.801829268292683,0.144486692015209,0.164634146341463
3,108,56,31,133,0.776978417266187,0.658536585365854,0.712871287128713,0.734756097560976,0.232365145228216,0.189024390243902
3,132,32,36,128,0.785714285714286,0.804878048780488,0.795180722891566,0.792682926829268,0.123076923076923,0.219512195121951
3,103,61,22,142,0.824,0.628048780487805,0.71280276816609,0.746951219512195,0.248979591836735,0.134146341463415
3,117,47,29,135,0.801369863013699,0.713414634146341,0.754838709677419,0.768292682926829,0.186507936507937,0.176829268292683
3,118,46,26,138,0.819444444444444,0.719512195121951,0.766233766233766,0.780487804878049,0.1796875,0.158536585365854
3,110,54,35,129,0.758620689655172,0.670731707317073,0.711974110032362,0.728658536585366,0.225941422594142,0.213414634146341
3,112,52,38,126,0.746666666666667,0.682926829268293,0.713375796178344,0.725609756097561,0.218487394957983,0.231707317073171
3,126,38,34,130,0.7875,0.768292682926829,0.777777777777778,0.780487804878049,0.1484375,0.207317073170732
3,105,59,30,134,0.777777777777778,0.640243902439024,0.702341137123746,0.728658536585366,0.246861924686192,0.182926829268293
3,116,48,34,130,0.773333333333333,0.707317073170732,0.738853503184713,0.75,0.195121951219512,0.207317073170732
3,121,43,33,131,0.785714285714286,0.73780487804878,0.761006289308176,0.768292682926829,0.170634920634921,0.201219512195122
3,119,45,37,127,0.762820512820513,0.725609756097561,0.74375,0.75,0.182926829268293,0.225609756097561
3,111,53,32,132,0.776223776223776,0.676829268292683,0.723127035830619,0.740853658536585,0.218106995884774,0.195121951219512
3,108,56,29,135,0.788321167883212,0.658536585365854,0.717607973421927,0.740853658536585,0.230452674897119,0.176829268292683
3,116,48,29,135,0.8,0.707317073170732,0.750809061488673,0.765243902439024,0.191235059760956,0.176829268292683
3,118,46,42,122,0.7375,0.719512195121951,0.728395061728395,0.731707317073171,0.191666666666667,0.25609756097561
3,116,48,38,126,0.753246753246753,0.707317073170732,0.729559748427673,0.73780487804878,0.198347107438017,0.231707317073171
3,111,53,22,142,0.834586466165414,0.676829268292683,0.747474747474748,0.771341463414634,0.209486166007905,0.134146341463415
3,120,44,44,120,0.731707317073171,0.731707317073171,0.731707317073171,0.731707317073171,0.183333333333333,0.268292682926829
3,121,43,42,122,0.742331288343558,0.73780487804878,0.740061162079511,0.740853658536585,0.176954732510288,0.25609756097561
3,117,47,44,120,0.726708074534162,0.713414634146341,0.72,0.722560975609756,0.19831223628692,0.268292682926829
3,128,36,41,123,0.757396449704142,0.780487804878049,0.768768768768769,0.765243902439024,0.143426294820717,0.25
3,119,45,32,132,0.788079470198676,0.725609756097561,0.755555555555556,0.765243902439024,0.179282868525896,0.195121951219512
3,119,45,37,127,0.762820512820513,0.725609756097561,0.74375,0.75,0.182926829268293,0.225609756097561
3,114,50,26,138,0.814285714285714,0.695121951219512,0.75,0.768292682926829,0.198412698412698,0.158536585365854
3,108,56,37,127,0.744827586206897,0.658536585365854,0.699029126213592,0.716463414634146,0.238297872340426,0.225609756097561
3,125,39,33,131,0.791139240506329,0.76219512195122,0.77639751552795,0.780487804878049,0.15234375,0.201219512195122
3,119,45,30,134,0.798657718120805,0.725609756097561,0.76038338658147,0.771341463414634,0.177865612648221,0.182926829268293
3,113,51,27,137,0.807142857142857,0.689024390243902,0.743421052631579,0.76219512195122,0.204,0.164634146341463
3,116,48,40,124,0.743589743589744,0.707317073170732,0.725,0.731707317073171,0.2,0.24390243902439
3,101,63,24,140,0.808,0.615853658536585,0.698961937716263,0.734756097560976,0.261410788381743,0.146341463414634
3,124,40,34,130,0.784810126582278,0.75609756097561,0.770186335403727,0.774390243902439,0.15748031496063,0.207317073170732
3,120,44,31,133,0.794701986754967,0.731707317073171,0.761904761904762,0.771341463414634,0.173913043478261,0.189024390243902
3,119,45,37,127,0.762820512820513,0.725609756097561,0.74375,0.75,0.182926829268293,0.225609756097561
3,126,38,35,129,0.782608695652174,0.768292682926829,0.775384615384615,0.777439024390244,0.149019607843137,0.213414634146341
3,109,55,30,134,0.784172661870504,0.664634146341463,0.71947194719472,0.740853658536585,0.226337448559671,0.182926829268293
3,113,51,33,131,0.773972602739726,0.689024390243902,0.729032258064516,0.74390243902439,0.209016393442623,0.201219512195122
3,119,45,23,141,0.838028169014085,0.725609756097561,0.777777777777778,0.792682926829268,0.173076923076923,0.140243902439024
3,128,36,35,129,0.785276073619632,0.780487804878049,0.782874617737003,0.783536585365854,0.140077821011673,0.213414634146341
3,109,55,31,133,0.778571428571429,0.664634146341463,0.717105263157895,0.73780487804878,0.227272727272727,0.189024390243902
3,113,51,27,137,0.807142857142857,0.689024390243902,0.743421052631579,0.76219512195122,0.204,0.164634146341463
3,121,43,30,134,0.801324503311258,0.73780487804878,0.768253968253968,0.777439024390244,0.168627450980392,0.182926829268293
3,120,44,28,136,0.810810810810811,0.731707317073171,0.769230769230769,0.780487804878049,0.171875,0.170731707317073
3,106,58,32,132,0.768115942028985,0.646341463414634,0.701986754966887,0.725609756097561,0.243697478991597,0.195121951219512
3,123,41,35,129,0.778481012658228,0.75,0.763975155279503,0.768292682926829,0.162698412698413,0.213414634146341
3,124,40,30,134,0.805194805194805,0.75609756097561,0.779874213836478,0.786585365853659,0.155038759689922,0.182926829268293
3,113,51,33,131,0.773972602739726,0.689024390243902,0.729032258064516,0.74390243902439,0.209016393442623,0.201219512195122
3,113,51,31,133,0.784722222222222,0.689024390243902,0.733766233766234,0.75,0.207317073170732,0.189024390243902
3,124,40,36,128,0.775,0.75609756097561,0.765432098765432,0.768292682926829,0.158730158730159,0.219512195121951
4,107,57,24,140,0.816793893129771,0.652439024390244,0.725423728813559,0.753048780487805,0.230769230769231,0.146341463414634
4,119,45,38,126,0.75796178343949,0.725609756097561,0.741433021806854,0.746951219512195,0.183673469387755,0.231707317073171
4,120,44,31,133,0.794701986754967,0.731707317073171,0.761904761904762,0.771341463414634,0.173913043478261,0.189024390243902
4,109,55,27,137,0.801470588235294,0.664634146341463,0.726666666666667,0.75,0.223577235772358,0.164634146341463
4,121,43,28,136,0.812080536912752,0.73780487804878,0.773162939297125,0.783536585365854,0.167315175097276,0.170731707317073
4,125,39,37,127,0.771604938271605,0.76219512195122,0.766871165644172,0.768292682926829,0.154761904761905,0.225609756097561
4,123,41,51,113,0.706896551724138,0.75,0.727810650887574,0.719512195121951,0.173728813559322,0.310975609756098
4,108,56,28,136,0.794117647058823,0.658536585365854,0.72,0.74390243902439,0.229508196721311,0.170731707317073
4,115,49,33,131,0.777027027027027,0.701219512195122,0.737179487179487,0.75,0.199186991869919,0.201219512195122
4,114,50,33,131,0.775510204081633,0.695121951219512,0.733118971061093,0.746951219512195,0.204081632653061,0.201219512195122
4,108,56,27,137,0.8,0.658536585365854,0.722408026755853,0.746951219512195,0.228571428571429,0.164634146341463
4,118,46,37,127,0.761290322580645,0.719512195121951,0.739811912225705,0.746951219512195,0.187755102040816,0.225609756097561
4,114,50,32,132,0.780821917808219,0.695121951219512,0.735483870967742,0.75,0.203252032520325,0.195121951219512
4,110,54,18,146,0.859375,0.670731707317073,0.753424657534247,0.780487804878049,0.2109375,0.109756097560976
4,116,48,29,135,0.8,0.707317073170732,0.750809061488673,0.765243902439024,0.191235059760956,0.176829268292683
4,115,49,35,129,0.766666666666667,0.701219512195122,0.732484076433121,0.74390243902439,0.200819672131148,0.213414634146341
4,127,37,37,127,0.774390243902439,0.774390243902439,0.774390243902439,0.774390243902439,0.145669291338583,0.225609756097561
4,117,47,37,127,0.75974025974026,0.713414634146341,0.735849056603774,0.74390243902439,0.192622950819672,0.225609756097561
4,106,58,28,136,0.791044776119403,0.646341463414634,0.711409395973154,0.73780487804878,0.239669421487603,0.170731707317073
4,118,46,34,130,0.776315789473684,0.719512195121951,0.746835443037975,0.75609756097561,0.185483870967742,0.207317073170732
4,134,30,28,136,0.827160493827161,0.817073170731707,0.822085889570552,0.823170731707317,0.111111111111111,0.170731707317073
4,108,56,33,131,0.765957446808511,0.658536585365854,0.708196721311475,0.728658536585366,0.234309623430962,0.201219512195122
4,127,37,40,124,0.760479041916168,0.774390243902439,0.767371601208459,0.765243902439024,0.147410358565737,0.24390243902439
4,115,49,40,124,0.741935483870968,0.701219512195122,0.721003134796238,0.728658536585366,0.205020920502092,0.24390243902439
4,122,42,34,130,0.782051282051282,0.74390243902439,0.7625,0.768292682926829,0.166666666666667,0.207317073170732
4,116,48,41,123,0.738853503184713,0.707317073170732,0.722741433021807,0.728658536585366,0.200836820083682,0.25
4,120,44,38,126,0.759493670886076,0.731707317073171,0.745341614906832,0.75,0.178861788617886,0.231707317073171
4,128,36,38,126,0.771084337349398,0.780487804878049,0.775757575757576,0.774390243902439,0.141732283464567,0.231707317073171
4,123,41,40,124,0.754601226993865,0.75,0.752293577981651,0.753048780487805,0.165991902834008,0.24390243902439
4,118,46,31,133,0.791946308724832,0.719512195121951,0.753993610223642,0.765243902439024,0.183266932270916,0.189024390243902
4,119,45,31,133,0.793333333333333,0.725609756097561,0.75796178343949,0.768292682926829,0.178571428571429,0.189024390243902
4,96,68,30,134,0.761904761904762,0.585365853658537,0.662068965517241,0.701219512195122,0.295652173913043,0.182926829268293
4,114,50,40,124,0.74025974025974,0.695121951219512,0.716981132075472,0.725609756097561,0.210084033613445,0.24390243902439
4,125,39,40,124,0.757575757575758,0.76219512195122,0.759878419452888,0.759146341463415,0.156626506024096,0.24390243902439
4,129,35,30,134,0.811320754716981,0.786585365853659,0.798761609907121,0.801829268292683,0.133079847908745,0.182926829268293
4,115,49,38,126,0.751633986928105,0.701219512195122,0.725552050473186,0.734756097560976,0.203319502074689,0.231707317073171
4,117,47,26,138,0.818181818181818,0.713414634146341,0.762214983713355,0.777439024390244,0.184313725490196,0.158536585365854
4,114,50,27,137,0.808510638297872,0.695121951219512,0.747540983606557,0.765243902439024,0.199203187250996,0.164634146341463
4,105,59,34,130,0.755395683453237,0.640243902439024,0.693069306930693,0.716463414634146,0.251063829787234,0.207317073170732
4,110,54,31,133,0.780141843971631,0.670731707317073,0.721311475409836,0.740853658536585,0.222222222222222,0.189024390243902
4,116,48,34,130,0.773333333333333,0.707317073170732,0.738853503184713,0.75,0.195121951219512,0.207317073170732
4,125,39,35,129,0.78125,0.76219512195122,0.771604938271605,0.774390243902439,0.153543307086614,0.213414634146341
4,119,45,33,131,0.782894736842105,0.725609756097561,0.753164556962025,0.76219512195122,0.18,0.201219512195122
4,123,41,41,123,0.75,0.75,0.75,0.75,0.166666666666667,0.25
4,123,41,29,135,0.809210526315789,0.75,0.778481012658228,0.786585365853659,0.158914728682171,0.176829268292683
4,117,47,34,130,0.774834437086093,0.713414634146341,0.742857142857143,0.753048780487805,0.190283400809717,0.207317073170732
4,113,51,33,131,0.773972602739726,0.689024390243902,0.729032258064516,0.74390243902439,0.209016393442623,0.201219512195122
4,122,42,32,132,0.792207792207792,0.74390243902439,0.767295597484277,0.774390243902439,0.165354330708661,0.195121951219512
4,116,48,35,129,0.768211920529801,0.707317073170732,0.736507936507937,0.746951219512195,0.195918367346939,0.213414634146341
4,102,62,29,135,0.778625954198473,0.621951219512195,0.691525423728814,0.722560975609756,0.261603375527426,0.176829268292683
4,118,46,29,135,0.802721088435374,0.719512195121951,0.758842443729904,0.771341463414634,0.181818181818182,0.176829268292683
4,114,50,36,128,0.76,0.695121951219512,0.726114649681529,0.73780487804878,0.206611570247934,0.219512195121951
4,119,45,37,127,0.762820512820513,0.725609756097561,0.74375,0.75,0.182926829268293,0.225609756097561
4,115,49,28,136,0.804195804195804,0.701219512195122,0.749185667752443,0.765243902439024,0.195219123505976,0.170731707317073
4,114,50,35,129,0.76510067114094,0.695121951219512,0.728434504792332,0.740853658536585,0.205761316872428,0.213414634146341
4,120,44,32,132,0.789473684210526,0.731707317073171,0.759493670886076,0.768292682926829,0.174603174603175,0.195121951219512
4,116,48,41,123,0.738853503184713,0.707317073170732,0.722741433021807,0.728658536585366,0.200836820083682,0.25
4,121,43,29,135,0.806666666666667,0.73780487804878,0.770700636942675,0.780487804878049,0.16796875,0.176829268292683
4,107,57,34,130,0.75886524822695,0.652439024390244,0.701639344262295,0.722560975609756,0.240506329113924,0.207317073170732
4,103,61,33,131,0.757352941176471,0.628048780487805,0.686666666666667,0.713414634146341,0.260683760683761,0.201219512195122
4,117,47,28,136,0.806896551724138,0.713414634146341,0.757281553398058,0.771341463414634,0.185770750988142,0.170731707317073
4,114,50,41,123,0.735483870967742,0.695121951219512,0.714733542319749,0.722560975609756,0.210970464135021,0.25
4,104,60,26,138,0.8,0.634146341463415,0.707482993197279,0.73780487804878,0.247933884297521,0.158536585365854
4,126,38,31,133,0.802547770700637,0.768292682926829,0.785046728971963,0.789634146341463,0.146718146718147,0.189024390243902
4,122,42,26,138,0.824324324324324,0.74390243902439,0.782051282051282,0.792682926829268,0.161538461538462,0.158536585365854
4,123,41,36,128,0.773584905660377,0.75,0.761609907120743,0.765243902439024,0.163346613545817,0.219512195121951
4,124,40,32,132,0.794871794871795,0.75609756097561,0.775,0.780487804878049,0.15625,0.195121951219512
4,114,50,33,131,0.775510204081633,0.695121951219512,0.733118971061093,0.746951219512195,0.204081632653061,0.201219512195122
4,111,53,31,133,0.78169014084507,0.676829268292683,0.725490196078431,0.74390243902439,0.217213114754098,0.189024390243902
4,122,42,36,128,0.772151898734177,0.74390243902439,0.757763975155279,0.76219512195122,0.168,0.219512195121951
4,114,50,31,133,0.786206896551724,0.695121951219512,0.737864077669903,0.753048780487805,0.202429149797571,0.189024390243902
4,112,52,39,125,0.741721854304636,0.682926829268293,0.711111111111111,0.722560975609756,0.219409282700422,0.23780487804878
4,105,59,32,132,0.766423357664234,0.640243902439024,0.697674418604651,0.722560975609756,0.248945147679325,0.195121951219512
4,125,39,32,132,0.796178343949045,0.76219512195122,0.778816199376947,0.783536585365854,0.151750972762646,0.195121951219512
4,124,40,35,129,0.779874213836478,0.75609756097561,0.767801857585139,0.771341463414634,0.158102766798419,0.213414634146341
4,123,41,32,132,0.793548387096774,0.75,0.77115987460815,0.777439024390244,0.16078431372549,0.195121951219512
4,119,45,37,127,0.762820512820513,0.725609756097561,0.74375,0.75,0.182926829268293,0.225609756097561
4,114,50,29,135,0.797202797202797,0.695121951219512,0.742671009771987,0.759146341463415,0.200803212851406,0.176829268292683
4,114,50,35,129,0.76510067114094,0.695121951219512,0.728434504792332,0.740853658536585,0.205761316872428,0.213414634146341
4,121,43,36,128,0.770700636942675,0.73780487804878,0.753894080996885,0.759146341463415,0.172690763052209,0.219512195121951
4,120,44,33,131,0.784313725490196,0.731707317073171,0.757097791798107,0.765243902439024,0.175298804780877,0.201219512195122
4,116,48,30,134,0.794520547945205,0.707317073170732,0.748387096774194,0.76219512195122,0.192,0.182926829268293
4,122,42,30,134,0.802631578947368,0.74390243902439,0.772151898734177,0.780487804878049,0.1640625,0.182926829268293
4,99,65,31,133,0.761538461538461,0.603658536585366,0.673469387755102,0.707317073170732,0.280172413793103,0.189024390243902
4,114,50,29,135,0.797202797202797,0.695121951219512,0.742671009771987,0.759146341463415,0.200803212851406,0.176829268292683
4,114,50,29,135,0.797202797202797,0.695121951219512,0.742671009771987,0.759146341463415,0.200803212851406,0.176829268292683
4,122,42,40,124,0.753086419753086,0.74390243902439,0.748466257668712,0.75,0.170731707317073,0.24390243902439
4,117,47,40,124,0.745222929936306,0.713414634146341,0.728971962616822,0.734756097560976,0.195020746887967,0.24390243902439
4,119,45,29,135,0.804054054054054,0.725609756097561,0.762820512820513,0.774390243902439,0.177165354330709,0.176829268292683
4,113,51,26,138,0.81294964028777,0.689024390243902,0.745874587458746,0.765243902439024,0.203187250996016,0.158536585365854
4,106,58,31,133,0.773722627737226,0.646341463414634,0.704318936877076,0.728658536585366,0.242677824267782,0.189024390243902
4,121,43,40,124,0.751552795031056,0.73780487804878,0.744615384615385,0.746951219512195,0.175510204081633,0.24390243902439
4,119,45,37,127,0.762820512820513,0.725609756097561,0.74375,0.75,0.182926829268293,0.225609756097561
4,116,48,33,131,0.778523489932886,0.707317073170732,0.741214057507987,0.753048780487805,0.194331983805668,0.201219512195122
4,106,58,34,130,0.757142857142857,0.646341463414634,0.697368421052632,0.719512195121951,0.245762711864407,0.207317073170732
4,111,53,33,131,0.770833333333333,0.676829268292683,0.720779220779221,0.73780487804878,0.21900826446281,0.201219512195122
4,113,51,35,129,0.763513513513513,0.689024390243902,0.724358974358974,0.73780487804878,0.210743801652893,0.213414634146341
4,122,42,35,129,0.777070063694268,0.74390243902439,0.7601246105919,0.765243902439024,0.167330677290837,0.213414634146341
4,105,59,42,122,0.714285714285714,0.640243902439024,0.67524115755627,0.692073170731707,0.259911894273128,0.25609756097561
4,126,38,43,121,0.745562130177515,0.768292682926829,0.756756756756757,0.753048780487805,0.153846153846154,0.26219512195122
5,122,42,33,131,0.787096774193548,0.74390243902439,0.764890282131661,0.771341463414634,0.16600790513834,0.201219512195122
5,115,49,34,130,0.771812080536913,0.701219512195122,0.73482428115016,0.746951219512195,0.2,0.207317073170732
5,117,47,28,136,0.806896551724138,0.713414634146341,0.757281553398058,0.771341463414634,0.185770750988142,0.170731707317073
5,117,47,45,119,0.722222222222222,0.713414634146341,0.717791411042945,0.719512195121951,0.199152542372881,0.274390243902439
5,114,50,28,136,0.802816901408451,0.695121951219512,0.745098039215686,0.76219512195122,0.2,0.170731707317073
5,104,60,34,130,0.753623188405797,0.634146341463415,0.688741721854305,0.713414634146341,0.256410256410256,0.207317073170732
5,108,56,27,137,0.8,0.658536585365854,0.722408026755853,0.746951219512195,0.228571428571429,0.164634146341463
5,115,49,36,128,0.76158940397351,0.701219512195122,0.73015873015873,0.740853658536585,0.201646090534979,0.219512195121951
5,113,51,31,133,0.784722222222222,0.689024390243902,0.733766233766234,0.75,0.207317073170732,0.189024390243902
5,125,39,43,121,0.744047619047619,0.76219512195122,0.753012048192771,0.75,0.158536585365854,0.26219512195122
5,117,47,30,134,0.795918367346939,0.713414634146341,0.752411575562701,0.765243902439024,0.187250996015936,0.182926829268293
5,123,41,34,130,0.78343949044586,0.75,0.766355140186916,0.771341463414634,0.162055335968379,0.207317073170732
5,122,42,26,138,0.824324324324324,0.74390243902439,0.782051282051282,0.792682926829268,0.161538461538462,0.158536585365854
5,124,40,35,129,0.779874213836478,0.75609756097561,0.767801857585139,0.771341463414634,0.158102766798419,0.213414634146341
5,104,60,39,125,0.727272727272727,0.634146341463415,0.677524429967427,0.698170731707317,0.262008733624454,0.23780487804878
5,127,37,41,123,0.755952380952381,0.774390243902439,0.765060240963855,0.76219512195122,0.148,0.25
5,123,41,38,126,0.763975155279503,0.75,0.756923076923077,0.759146341463415,0.164658634538153,0.231707317073171
5,117,47,27,137,0.8125,0.713414634146341,0.75974025974026,0.774390243902439,0.18503937007874,0.164634146341463
5,125,39,30,134,0.806451612903226,0.76219512195122,0.783699059561129,0.789634146341463,0.150579150579151,0.182926829268293
5,117,47,30,134,0.795918367346939,0.713414634146341,0.752411575562701,0.765243902439024,0.187250996015936,0.182926829268293
5,121,43,43,121,0.73780487804878,0.73780487804878,0.73780487804878,0.73780487804878,0.177685950413223,0.26219512195122
5,108,56,33,131,0.765957446808511,0.658536585365854,0.708196721311475,0.728658536585366,0.234309623430962,0.201219512195122
5,124,40,32,132,0.794871794871795,0.75609756097561,0.775,0.780487804878049,0.15625,0.195121951219512
5,120,44,28,136,0.810810810810811,0.731707317073171,0.769230769230769,0.780487804878049,0.171875,0.170731707317073
5,121,43,30,134,0.801324503311258,0.73780487804878,0.768253968253968,0.777439024390244,0.168627450980392,0.182926829268293
5,121,43,29,135,0.806666666666667,0.73780487804878,0.770700636942675,0.780487804878049,0.16796875,0.176829268292683
5,117,47,38,126,0.754838709677419,0.713414634146341,0.733542319749216,0.740853658536585,0.193415637860082,0.231707317073171
5,123,41,29,135,0.809210526315789,0.75,0.778481012658228,0.786585365853659,0.158914728682171,0.176829268292683
5,113,51,33,131,0.773972602739726,0.689024390243902,0.729032258064516,0.74390243902439,0.209016393442623,0.201219512195122
5,107,57,34,130,0.75886524822695,0.652439024390244,0.701639344262295,0.722560975609756,0.240506329113924,0.207317073170732
5,114,50,28,136,0.802816901408451,0.695121951219512,0.745098039215686,0.76219512195122,0.2,0.170731707317073
5,113,51,36,128,0.758389261744966,0.689024390243902,0.722044728434505,0.734756097560976,0.211618257261411,0.219512195121951
5,116,48,34,130,0.773333333333333,0.707317073170732,0.738853503184713,0.75,0.195121951219512,0.207317073170732
5,115,49,41,123,0.737179487179487,0.701219512195122,0.71875,0.725609756097561,0.205882352941176,0.25
5,122,42,44,120,0.734939759036145,0.74390243902439,0.739393939393939,0.73780487804878,0.173553719008264,0.268292682926829
5,116,48,41,123,0.738853503184713,0.707317073170732,0.722741433021807,0.728658536585366,0.200836820083682,0.25
5,127,37,31,133,0.80379746835443,0.774390243902439,0.788819875776398,0.792682926829268,0.142307692307692,0.189024390243902
5,115,49,31,133,0.787671232876712,0.701219512195122,0.741935483870968,0.75609756097561,0.19758064516129,0.189024390243902
5,117,47,28,136,0.806896551724138,0.713414634146341,0.757281553398058,0.771341463414634,0.185770750988142,0.170731707317073
5,124,40,38,126,0.765432098765432,0.75609756097561,0.760736196319018,0.76219512195122,0.16,0.231707317073171
5,116,48,31,133,0.789115646258503,0.707317073170732,0.745980707395498,0.759146341463415,0.192771084337349,0.189024390243902
5,117,47,32,132,0.785234899328859,0.713414634146341,0.747603833865815,0.759146341463415,0.188755020080321,0.195121951219512
5,119,45,26,138,0.820689655172414,0.725609756097561,0.770226537216828,0.783536585365854,0.175097276264591,0.158536585365854
5,114,50,45,119,0.716981132075472,0.695121951219512,0.705882352941177,0.710365853658537,0.214592274678112,0.274390243902439
5,113,51,37,127,0.753333333333333,0.689024390243902,0.719745222929936,0.731707317073171,0.2125,0.225609756097561
5,117,47,29,135,0.801369863013699,0.713414634146341,0.754838709677419,0.768292682926829,0.186507936507937,0.176829268292683
5,127,37,33,131,0.79375,0.774390243902439,0.783950617283951,0.786585365853659,0.143410852713178,0.201219512195122
5,103,61,38,126,0.730496453900709,0.628048780487805,0.675409836065574,0.698170731707317,0.266375545851528,0.231707317073171
5,117,47,24,140,0.829787234042553,0.713414634146341,0.767213114754098,0.783536585365854,0.182879377431907,0.146341463414634
5,120,44,33,131,0.784313725490196,0.731707317073171,0.757097791798107,0.765243902439024,0.175298804780877,0.201219512195122
5,123,41,40,124,0.754601226993865,0.75,0.752293577981651,0.753048780487805,0.165991902834008,0.24390243902439
5,119,45,32,132,0.788079470198676,0.725609756097561,0.755555555555556,0.765243902439024,0.179282868525896,0.195121951219512
5,118,46,29,135,0.802721088435374,0.719512195121951,0.758842443729904,0.771341463414634,0.181818181818182,0.176829268292683
5,103,61,29,135,0.78030303030303,0.628048780487805,0.695945945945946,0.725609756097561,0.256302521008403,0.176829268292683
5,119,45,31,133,0.793333333333333,0.725609756097561,0.75796178343949,0.768292682926829,0.178571428571429,0.189024390243902
5,124,40,40,124,0.75609756097561,0.75609756097561,0.75609756097561,0.75609756097561,0.161290322580645,0.24390243902439
5,117,47,23,141,0.835714285714286,0.713414634146341,0.769736842105263,0.786585365853659,0.182170542635659,0.140243902439024
5,114,50,21,143,0.844444444444444,0.695121951219512,0.762541806020067,0.783536585365854,0.194552529182879,0.128048780487805
5,122,42,30,134,0.802631578947368,0.74390243902439,0.772151898734177,0.780487804878049,0.1640625,0.182926829268293
5,121,43,40,124,0.751552795031056,0.73780487804878,0.744615384615385,0.746951219512195,0.175510204081633,0.24390243902439
5,164,0,164,0,0.5,1,0.666666666666667,0.5,0,1
5,117,47,36,128,0.764705882352941,0.713414634146341,0.738170347003155,0.746951219512195,0.191836734693878,0.219512195121951
5,121,43,31,133,0.796052631578947,0.73780487804878,0.765822784810127,0.774390243902439,0.169291338582677,0.189024390243902
5,109,55,40,124,0.731543624161074,0.664634146341463,0.696485623003195,0.710365853658537,0.236051502145923,0.24390243902439
5,106,58,24,140,0.815384615384615,0.646341463414634,0.72108843537415,0.75,0.235772357723577,0.146341463414634
5,103,61,28,136,0.786259541984733,0.628048780487805,0.698305084745763,0.728658536585366,0.255230125523013,0.170731707317073
5,129,35,31,133,0.80625,0.786585365853659,0.796296296296296,0.798780487804878,0.133587786259542,0.189024390243902
5,111,53,26,138,0.81021897810219,0.676829268292683,0.737541528239203,0.759146341463415,0.21285140562249,0.158536585365854
5,117,47,36,128,0.764705882352941,0.713414634146341,0.738170347003155,0.746951219512195,0.191836734693878,0.219512195121951
5,120,44,27,137,0.816326530612245,0.731707317073171,0.771704180064309,0.783536585365854,0.171206225680934,0.164634146341463
5,121,43,85,79,0.587378640776699,0.73780487804878,0.654054054054054,0.609756097560976,0.215,0.518292682926829
5,112,52,34,130,0.767123287671233,0.682926829268293,0.72258064516129,0.73780487804878,0.214876033057851,0.207317073170732
5,109,55,30,134,0.784172661870504,0.664634146341463,0.71947194719472,0.740853658536585,0.226337448559671,0.182926829268293
5,107,57,35,129,0.753521126760563,0.652439024390244,0.699346405228758,0.719512195121951,0.241525423728814,0.213414634146341
5,120,44,16,148,0.882352941176471,0.731707317073171,0.8,0.817073170731707,0.164179104477612,0.0975609756097561
5,118,46,32,132,0.786666666666667,0.719512195121951,0.751592356687898,0.76219512195122,0.184,0.195121951219512
5,118,46,32,132,0.786666666666667,0.719512195121951,0.751592356687898,0.76219512195122,0.184,0.195121951219512
5,126,38,38,126,0.768292682926829,0.768292682926829,0.768292682926829,0.768292682926829,0.150793650793651,0.231707317073171
5,113,51,28,136,0.801418439716312,0.689024390243902,0.740983606557377,0.759146341463415,0.204819277108434,0.170731707317073
5,120,44,29,135,0.805369127516778,0.731707317073171,0.766773162939297,0.777439024390244,0.172549019607843,0.176829268292683
5,117,47,29,135,0.801369863013699,0.713414634146341,0.754838709677419,0.768292682926829,0.186507936507937,0.176829268292683
5,113,51,38,126,0.748344370860927,0.689024390243902,0.717460317460317,0.728658536585366,0.213389121338912,0.231707317073171
5,114,50,37,127,0.754966887417219,0.695121951219512,0.723809523809524,0.734756097560976,0.20746887966805,0.225609756097561
5,115,49,28,136,0.804195804195804,0.701219512195122,0.749185667752443,0.765243902439024,0.195219123505976,0.170731707317073
5,113,51,33,131,0.773972602739726,0.689024390243902,0.729032258064516,0.74390243902439,0.209016393442623,0.201219512195122
5,113,51,34,130,0.768707482993197,0.689024390243902,0.726688102893891,0.740853658536585,0.209876543209877,0.207317073170732
5,119,45,34,130,0.777777777777778,0.725609756097561,0.750788643533123,0.759146341463415,0.180722891566265,0.207317073170732
5,122,42,34,130,0.782051282051282,0.74390243902439,0.7625,0.768292682926829,0.166666666666667,0.207317073170732
5,116,48,36,128,0.763157894736842,0.707317073170732,0.734177215189873,0.74390243902439,0.19672131147541,0.219512195121951
5,118,46,32,132,0.786666666666667,0.719512195121951,0.751592356687898,0.76219512195122,0.184,0.195121951219512
5,121,43,40,124,0.751552795031056,0.73780487804878,0.744615384615385,0.746951219512195,0.175510204081633,0.24390243902439
5,112,52,27,137,0.805755395683453,0.682926829268293,0.739273927392739,0.759146341463415,0.208835341365462,0.164634146341463
5,117,47,47,117,0.713414634146341,0.713414634146341,0.713414634146341,0.713414634146341,0.200854700854701,0.286585365853659
5,118,46,41,123,0.742138364779874,0.719512195121951,0.730650154798762,0.734756097560976,0.190871369294606,0.25
5,114,50,26,138,0.814285714285714,0.695121951219512,0.75,0.768292682926829,0.198412698412698,0.158536585365854
5,115,49,31,133,0.787671232876712,0.701219512195122,0.741935483870968,0.75609756097561,0.19758064516129,0.189024390243902
5,124,40,33,131,0.789808917197452,0.75609756097561,0.772585669781931,0.777439024390244,0.156862745098039,0.201219512195122
5,117,47,28,136,0.806896551724138,0.713414634146341,0.757281553398058,0.771341463414634,0.185770750988142,0.170731707317073
5,118,46,29,135,0.802721088435374,0.719512195121951,0.758842443729904,0.771341463414634,0.181818181818182,0.176829268292683
5,117,47,31,133,0.790540540540541,0.713414634146341,0.75,0.76219512195122,0.188,0.189024390243902
6,109,55,29,135,0.789855072463768,0.664634146341463,0.721854304635762,0.74390243902439,0.225409836065574,0.176829268292683
6,110,54,26,138,0.808823529411765,0.670731707317073,0.733333333333333,0.75609756097561,0.217741935483871,0.158536585365854
6,116,48,30,134,0.794520547945205,0.707317073170732,0.748387096774194,0.76219512195122,0.192,0.182926829268293
6,115,49,27,137,0.809859154929577,0.701219512195122,0.751633986928105,0.768292682926829,0.194444444444444,0.164634146341463
6,125,39,35,129,0.78125,0.76219512195122,0.771604938271605,0.774390243902439,0.153543307086614,0.213414634146341
6,113,51,31,133,0.784722222222222,0.689024390243902,0.733766233766234,0.75,0.207317073170732,0.189024390243902
6,128,36,44,120,0.744186046511628,0.780487804878049,0.761904761904762,0.75609756097561,0.145161290322581,0.268292682926829
6,111,53,28,136,0.798561151079137,0.676829268292683,0.732673267326733,0.753048780487805,0.214574898785425,0.170731707317073
6,106,58,34,130,0.757142857142857,0.646341463414634,0.697368421052632,0.719512195121951,0.245762711864407,0.207317073170732
6,114,50,33,131,0.775510204081633,0.695121951219512,0.733118971061093,0.746951219512195,0.204081632653061,0.201219512195122
6,117,47,40,124,0.745222929936306,0.713414634146341,0.728971962616822,0.734756097560976,0.195020746887967,0.24390243902439
6,121,43,47,117,0.720238095238095,0.73780487804878,0.728915662650602,0.725609756097561,0.180672268907563,0.286585365853659
6,107,57,40,124,0.727891156462585,0.652439024390244,0.688102893890675,0.704268292682927,0.246753246753247,0.24390243902439
6,116,48,26,138,0.816901408450704,0.707317073170732,0.758169934640523,0.774390243902439,0.188976377952756,0.158536585365854
6,122,42,26,138,0.824324324324324,0.74390243902439,0.782051282051282,0.792682926829268,0.161538461538462,0.158536585365854
6,110,54,32,132,0.774647887323944,0.670731707317073,0.718954248366013,0.73780487804878,0.223140495867769,0.195121951219512
6,124,40,35,129,0.779874213836478,0.75609756097561,0.767801857585139,0.771341463414634,0.158102766798419,0.213414634146341
6,116,48,41,123,0.738853503184713,0.707317073170732,0.722741433021807,0.728658536585366,0.200836820083682,0.25
6,121,43,27,137,0.817567567567568,0.73780487804878,0.775641025641026,0.786585365853659,0.166666666666667,0.164634146341463
6,114,50,27,137,0.808510638297872,0.695121951219512,0.747540983606557,0.765243902439024,0.199203187250996,0.164634146341463
6,108,56,29,135,0.788321167883212,0.658536585365854,0.717607973421927,0.740853658536585,0.230452674897119,0.176829268292683
6,116,48,35,129,0.768211920529801,0.707317073170732,0.736507936507937,0.746951219512195,0.195918367346939,0.213414634146341
6,106,58,25,139,0.809160305343511,0.646341463414634,0.71864406779661,0.746951219512195,0.236734693877551,0.152439024390244
6,125,39,41,123,0.753012048192771,0.76219512195122,0.757575757575758,0.75609756097561,0.157258064516129,0.25
6,119,45,38,126,0.75796178343949,0.725609756097561,0.741433021806854,0.746951219512195,0.183673469387755,0.231707317073171
6,115,49,35,129,0.766666666666667,0.701219512195122,0.732484076433121,0.74390243902439,0.200819672131148,0.213414634146341
6,113,51,26,138,0.81294964028777,0.689024390243902,0.745874587458746,0.765243902439024,0.203187250996016,0.158536585365854
6,115,49,36,128,0.76158940397351,0.701219512195122,0.73015873015873,0.740853658536585,0.201646090534979,0.219512195121951
6,119,45,26,138,0.820689655172414,0.725609756097561,0.770226537216828,0.783536585365854,0.175097276264591,0.158536585365854
6,110,54,32,132,0.774647887323944,0.670731707317073,0.718954248366013,0.73780487804878,0.223140495867769,0.195121951219512
6,119,45,29,135,0.804054054054054,0.725609756097561,0.762820512820513,0.774390243902439,0.177165354330709,0.176829268292683
6,119,45,38,126,0.75796178343949,0.725609756097561,0.741433021806854,0.746951219512195,0.183673469387755,0.231707317073171
6,111,53,31,133,0.78169014084507,0.676829268292683,0.725490196078431,0.74390243902439,0.217213114754098,0.189024390243902
6,120,44,37,127,0.764331210191083,0.731707317073171,0.747663551401869,0.753048780487805,0.178137651821862,0.225609756097561
6,121,43,32,132,0.790849673202614,0.73780487804878,0.763406940063092,0.771341463414634,0.1699604743083,0.195121951219512
6,131,33,41,123,0.761627906976744,0.798780487804878,0.779761904761905,0.774390243902439,0.12992125984252,0.25
6,121,43,37,127,0.765822784810127,0.73780487804878,0.751552795031056,0.75609756097561,0.173387096774194,0.225609756097561
6,112,52,35,129,0.761904761904762,0.682926829268293,0.720257234726688,0.734756097560976,0.215767634854772,0.213414634146341
6,111,53,31,133,0.78169014084507,0.676829268292683,0.725490196078431,0.74390243902439,0.217213114754098,0.189024390243902
6,116,48,30,134,0.794520547945205,0.707317073170732,0.748387096774194,0.76219512195122,0.192,0.182926829268293
6,121,43,37,127,0.765822784810127,0.73780487804878,0.751552795031056,0.75609756097561,0.173387096774194,0.225609756097561
6,112,52,36,128,0.756756756756757,0.682926829268293,0.717948717948718,0.731707317073171,0.216666666666667,0.219512195121951
6,116,48,32,132,0.783783783783784,0.707317073170732,0.743589743589744,0.75609756097561,0.193548387096774,0.195121951219512
6,115,49,25,139,0.821428571428571,0.701219512195122,0.756578947368421,0.774390243902439,0.192913385826772,0.152439024390244
6,114,50,32,132,0.780821917808219,0.695121951219512,0.735483870967742,0.75,0.203252032520325,0.195121951219512
6,111,53,33,131,0.770833333333333,0.676829268292683,0.720779220779221,0.73780487804878,0.21900826446281,0.201219512195122
6,116,48,30,134,0.794520547945205,0.707317073170732,0.748387096774194,0.76219512195122,0.192,0.182926829268293
6,115,49,14,150,0.891472868217054,0.701219512195122,0.784982935153584,0.807926829268293,0.184905660377358,0.0853658536585366
6,116,48,47,117,0.711656441717791,0.707317073170732,0.709480122324159,0.710365853658537,0.206008583690987,0.286585365853659
6,102,62,23,141,0.816,0.621951219512195,0.705882352941177,0.740853658536585,0.255144032921811,0.140243902439024
6,106,58,32,132,0.768115942028985,0.646341463414634,0.701986754966887,0.725609756097561,0.243697478991597,0.195121951219512
6,115,49,31,133,0.787671232876712,0.701219512195122,0.741935483870968,0.75609756097561,0.19758064516129,0.189024390243902
6,114,50,28,136,0.802816901408451,0.695121951219512,0.745098039215686,0.76219512195122,0.2,0.170731707317073
6,113,51,31,133,0.784722222222222,0.689024390243902,0.733766233766234,0.75,0.207317073170732,0.189024390243902
6,113,51,31,133,0.784722222222222,0.689024390243902,0.733766233766234,0.75,0.207317073170732,0.189024390243902
6,126,38,31,133,0.802547770700637,0.768292682926829,0.785046728971963,0.789634146341463,0.146718146718147,0.189024390243902
6,105,59,24,140,0.813953488372093,0.640243902439024,0.716723549488055,0.746951219512195,0.240816326530612,0.146341463414634
6,119,45,44,120,0.730061349693252,0.725609756097561,0.72782874617737,0.728658536585366,0.188284518828452,0.268292682926829
6,111,53,26,138,0.81021897810219,0.676829268292683,0.737541528239203,0.759146341463415,0.21285140562249,0.158536585365854
6,108,56,28,136,0.794117647058823,0.658536585365854,0.72,0.74390243902439,0.229508196721311,0.170731707317073
6,113,51,36,128,0.758389261744966,0.689024390243902,0.722044728434505,0.734756097560976,0.211618257261411,0.219512195121951
6,120,44,36,128,0.769230769230769,0.731707317073171,0.75,0.75609756097561,0.17741935483871,0.219512195121951
6,125,39,35,129,0.78125,0.76219512195122,0.771604938271605,0.774390243902439,0.153543307086614,0.213414634146341
6,111,53,28,136,0.798561151079137,0.676829268292683,0.732673267326733,0.753048780487805,0.214574898785425,0.170731707317073
6,125,39,25,139,0.833333333333333,0.76219512195122,0.796178343949045,0.804878048780488,0.147727272727273,0.152439024390244
6,118,46,37,127,0.761290322580645,0.719512195121951,0.739811912225705,0.746951219512195,0.187755102040816,0.225609756097561
6,111,53,33,131,0.770833333333333,0.676829268292683,0.720779220779221,0.73780487804878,0.21900826446281,0.201219512195122
6,108,56,38,126,0.73972602739726,0.658536585365854,0.696774193548387,0.713414634146341,0.239316239316239,0.231707317073171
6,113,51,27,137,0.807142857142857,0.689024390243902,0.743421052631579,0.76219512195122,0.204,0.164634146341463
6,112,52,29,135,0.794326241134752,0.682926829268293,0.734426229508197,0.753048780487805,0.210526315789474,0.176829268292683
6,117,47,38,126,0.754838709677419,0.713414634146341,0.733542319749216,0.740853658536585,0.193415637860082,0.231707317073171
6,116,48,25,139,0.822695035460993,0.707317073170732,0.760655737704918,0.777439024390244,0.188235294117647,0.152439024390244
6,116,48,32,132,0.783783783783784,0.707317073170732,0.743589743589744,0.75609756097561,0.193548387096774,0.195121951219512
6,115,49,27,137,0.809859154929577,0.701219512195122,0.751633986928105,0.768292682926829,0.194444444444444,0.164634146341463
6,112,52,42,122,0.727272727272727,0.682926829268293,0.70440251572327,0.713414634146341,0.222222222222222,0.25609756097561
6,106,58,35,129,0.75177304964539,0.646341463414634,0.695081967213115,0.716463414634146,0.246808510638298,0.213414634146341
6,117,47,30,134,0.795918367346939,0.713414634146341,0.752411575562701,0.765243902439024,0.187250996015936,0.182926829268293
6,102,62,25,139,0.803149606299213,0.621951219512195,0.701030927835051,0.734756097560976,0.257261410788382,0.152439024390244
6,120,44,28,136,0.810810810810811,0.731707317073171,0.769230769230769,0.780487804878049,0.171875,0.170731707317073
6,117,47,29,135,0.801369863013699,0.713414634146341,0.754838709677419,0.768292682926829,0.186507936507937,0.176829268292683
6,124,40,37,127,0.770186335403727,0.75609756097561,0.763076923076923,0.765243902439024,0.159362549800797,0.225609756097561
6,115,49,37,127,0.756578947368421,0.701219512195122,0.727848101265823,0.73780487804878,0.202479338842975,0.225609756097561
6,133,31,41,123,0.764367816091954,0.810975609756098,0.78698224852071,0.780487804878049,0.12109375,0.25
6,122,42,33,131,0.787096774193548,0.74390243902439,0.764890282131661,0.771341463414634,0.16600790513834,0.201219512195122
6,111,53,33,131,0.770833333333333,0.676829268292683,0.720779220779221,0.73780487804878,0.21900826446281,0.201219512195122
6,108,56,32,132,0.771428571428571,0.658536585365854,0.710526315789474,0.731707317073171,0.233333333333333,0.195121951219512
6,118,46,29,135,0.802721088435374,0.719512195121951,0.758842443729904,0.771341463414634,0.181818181818182,0.176829268292683
6,122,42,43,121,0.739393939393939,0.74390243902439,0.741641337386018,0.740853658536585,0.172839506172839,0.26219512195122
6,108,56,24,140,0.818181818181818,0.658536585365854,0.72972972972973,0.75609756097561,0.225806451612903,0.146341463414634
6,112,52,37,127,0.751677852348993,0.682926829268293,0.715654952076677,0.728658536585366,0.217573221757322,0.225609756097561
6,109,55,29,135,0.789855072463768,0.664634146341463,0.721854304635762,0.74390243902439,0.225409836065574,0.176829268292683
6,112,52,34,130,0.767123287671233,0.682926829268293,0.72258064516129,0.73780487804878,0.214876033057851,0.207317073170732
6,120,44,33,131,0.784313725490196,0.731707317073171,0.757097791798107,0.765243902439024,0.175298804780877,0.201219512195122
6,117,47,37,127,0.75974025974026,0.713414634146341,0.735849056603774,0.74390243902439,0.192622950819672,0.225609756097561
6,116,48,37,127,0.758169934640523,0.707317073170732,0.73186119873817,0.740853658536585,0.197530864197531,0.225609756097561
6,110,54,31,133,0.780141843971631,0.670731707317073,0.721311475409836,0.740853658536585,0.222222222222222,0.189024390243902
6,113,51,47,117,0.70625,0.689024390243902,0.697530864197531,0.701219512195122,0.221739130434783,0.286585365853659
6,128,36,34,130,0.790123456790123,0.780487804878049,0.785276073619632,0.786585365853659,0.13953488372093,0.207317073170732
6,123,41,27,137,0.82,0.75,0.78343949044586,0.792682926829268,0.157692307692308,0.164634146341463
6,113,51,41,123,0.733766233766234,0.689024390243902,0.710691823899371,0.719512195121951,0.216101694915254,0.25
7,114,50,32,132,0.780821917808219,0.695121951219512,0.735483870967742,0.75,0.203252032520325,0.195121951219512
7,120,44,35,129,0.774193548387097,0.731707317073171,0.752351097178683,0.759146341463415,0.176706827309237,0.213414634146341
7,115,49,35,129,0.766666666666667,0.701219512195122,0.732484076433121,0.74390243902439,0.200819672131148,0.213414634146341
7,104,60,31,133,0.77037037037037,0.634146341463415,0.695652173913043,0.722560975609756,0.253164556962025,0.189024390243902
7,116,48,27,137,0.811188811188811,0.707317073170732,0.755700325732899,0.771341463414634,0.189723320158103,0.164634146341463
7,112,52,31,133,0.783216783216783,0.682926829268293,0.729641693811075,0.746951219512195,0.212244897959184,0.189024390243902
7,109,55,24,140,0.819548872180451,0.664634146341463,0.734006734006734,0.759146341463415,0.220883534136546,0.146341463414634
7,121,43,38,126,0.761006289308176,0.73780487804878,0.74922600619195,0.753048780487805,0.174089068825911,0.231707317073171
7,130,34,37,127,0.778443113772455,0.792682926829268,0.785498489425982,0.783536585365854,0.132295719844358,0.225609756097561
7,124,40,25,139,0.832214765100671,0.75609756097561,0.792332268370607,0.801829268292683,0.152091254752852,0.152439024390244
7,118,46,32,132,0.786666666666667,0.719512195121951,0.751592356687898,0.76219512195122,0.184,0.195121951219512
7,118,46,33,131,0.781456953642384,0.719512195121951,0.749206349206349,0.759146341463415,0.184738955823293,0.201219512195122
7,113,51,31,133,0.784722222222222,0.689024390243902,0.733766233766234,0.75,0.207317073170732,0.189024390243902
7,117,47,35,129,0.769736842105263,0.713414634146341,0.740506329113924,0.75,0.191056910569106,0.213414634146341
7,115,49,37,127,0.756578947368421,0.701219512195122,0.727848101265823,0.73780487804878,0.202479338842975,0.225609756097561
7,121,43,32,132,0.790849673202614,0.73780487804878,0.763406940063092,0.771341463414634,0.1699604743083,0.195121951219512
7,122,42,30,134,0.802631578947368,0.74390243902439,0.772151898734177,0.780487804878049,0.1640625,0.182926829268293
7,111,53,40,124,0.735099337748344,0.676829268292683,0.704761904761905,0.716463414634146,0.225531914893617,0.24390243902439
7,110,54,24,140,0.82089552238806,0.670731707317073,0.738255033557047,0.76219512195122,0.216,0.146341463414634
7,115,49,32,132,0.782312925170068,0.701219512195122,0.739549839228296,0.753048780487805,0.198380566801619,0.195121951219512
7,114,50,27,137,0.808510638297872,0.695121951219512,0.747540983606557,0.765243902439024,0.199203187250996,0.164634146341463
7,117,47,29,135,0.801369863013699,0.713414634146341,0.754838709677419,0.768292682926829,0.186507936507937,0.176829268292683
7,132,32,33,131,0.8,0.804878048780488,0.802431610942249,0.801829268292683,0.121673003802281,0.201219512195122
7,122,42,34,130,0.782051282051282,0.74390243902439,0.7625,0.768292682926829,0.166666666666667,0.207317073170732
7,105,59,28,136,0.789473684210526,0.640243902439024,0.707070707070707,0.734756097560976,0.244813278008299,0.170731707317073
7,119,45,34,130,0.777777777777778,0.725609756097561,0.750788643533123,0.759146341463415,0.180722891566265,0.207317073170732
7,119,45,29,135,0.804054054054054,0.725609756097561,0.762820512820513,0.774390243902439,0.177165354330709,0.176829268292683
7,105,59,30,134,0.777777777777778,0.640243902439024,0.702341137123746,0.728658536585366,0.246861924686192,0.182926829268293
7,164,0,164,0,0.5,1,0.666666666666667,0.5,0,1
7,127,37,40,124,0.760479041916168,0.774390243902439,0.767371601208459,0.765243902439024,0.147410358565737,0.24390243902439
7,104,60,30,134,0.776119402985075,0.634146341463415,0.697986577181208,0.725609756097561,0.252100840336134,0.182926829268293
7,119,45,24,140,0.832167832167832,0.725609756097561,0.775244299674267,0.789634146341463,0.173745173745174,0.146341463414634
7,108,56,28,136,0.794117647058823,0.658536585365854,0.72,0.74390243902439,0.229508196721311,0.170731707317073
7,117,47,34,130,0.774834437086093,0.713414634146341,0.742857142857143,0.753048780487805,0.190283400809717,0.207317073170732
7,105,59,22,142,0.826771653543307,0.640243902439024,0.721649484536082,0.753048780487805,0.238866396761134,0.134146341463415
7,122,42,34,130,0.782051282051282,0.74390243902439,0.7625,0.768292682926829,0.166666666666667,0.207317073170732
7,102,62,30,134,0.772727272727273,0.621951219512195,0.689189189189189,0.719512195121951,0.26271186440678,0.182926829268293
7,115,49,36,128,0.76158940397351,0.701219512195122,0.73015873015873,0.740853658536585,0.201646090534979,0.219512195121951
7,118,46,43,121,0.732919254658385,0.719512195121951,0.726153846153846,0.728658536585366,0.192468619246862,0.26219512195122
7,111,53,29,135,0.792857142857143,0.676829268292683,0.730263157894737,0.75,0.215447154471545,0.176829268292683
7,114,50,33,131,0.775510204081633,0.695121951219512,0.733118971061093,0.746951219512195,0.204081632653061,0.201219512195122
7,113,51,42,122,0.729032258064516,0.689024390243902,0.70846394984326,0.716463414634146,0.217021276595745,0.25609756097561
7,125,39,30,134,0.806451612903226,0.76219512195122,0.783699059561129,0.789634146341463,0.150579150579151,0.182926829268293
7,115,49,32,132,0.782312925170068,0.701219512195122,0.739549839228296,0.753048780487805,0.198380566801619,0.195121951219512
7,108,56,31,133,0.776978417266187,0.658536585365854,0.712871287128713,0.734756097560976,0.232365145228216,0.189024390243902
7,121,43,40,124,0.751552795031056,0.73780487804878,0.744615384615385,0.746951219512195,0.175510204081633,0.24390243902439
7,118,46,35,129,0.77124183006536,0.719512195121951,0.744479495268139,0.753048780487805,0.186234817813765,0.213414634146341
7,115,49,30,134,0.793103448275862,0.701219512195122,0.744336569579288,0.759146341463415,0.196787148594378,0.182926829268293
7,123,41,35,129,0.778481012658228,0.75,0.763975155279503,0.768292682926829,0.162698412698413,0.213414634146341
7,118,46,27,137,0.813793103448276,0.719512195121951,0.763754045307443,0.777439024390244,0.180392156862745,0.164634146341463
7,112,52,23,141,0.82962962962963,0.682926829268293,0.749163879598662,0.771341463414634,0.205533596837945,0.140243902439024
7,117,47,36,128,0.764705882352941,0.713414634146341,0.738170347003155,0.746951219512195,0.191836734693878,0.219512195121951
7,122,42,38,126,0.7625,0.74390243902439,0.753086419753086,0.75609756097561,0.169354838709677,0.231707317073171
7,124,40,37,127,0.770186335403727,0.75609756097561,0.763076923076923,0.765243902439024,0.159362549800797,0.225609756097561
7,100,64,30,134,0.769230769230769,0.609756097560976,0.680272108843537,0.713414634146341,0.273504273504274,0.182926829268293
7,112,52,33,131,0.772413793103448,0.682926829268293,0.724919093851133,0.740853658536585,0.213991769547325,0.201219512195122
7,118,46,37,127,0.761290322580645,0.719512195121951,0.739811912225705,0.746951219512195,0.187755102040816,0.225609756097561
7,119,45,32,132,0.788079470198676,0.725609756097561,0.755555555555556,0.765243902439024,0.179282868525896,0.195121951219512
7,99,65,18,146,0.846153846153846,0.603658536585366,0.704626334519573,0.746951219512195,0.26530612244898,0.109756097560976
7,108,56,32,132,0.771428571428571,0.658536585365854,0.710526315789474,0.731707317073171,0.233333333333333,0.195121951219512
7,103,61,27,137,0.792307692307692,0.628048780487805,0.700680272108844,0.731707317073171,0.254166666666667,0.164634146341463
7,119,45,38,126,0.75796178343949,0.725609756097561,0.741433021806854,0.746951219512195,0.183673469387755,0.231707317073171
7,120,44,38,126,0.759493670886076,0.731707317073171,0.745341614906832,0.75,0.178861788617886,0.231707317073171
7,123,41,26,138,0.825503355704698,0.75,0.78594249201278,0.795731707317073,0.157088122605364,0.158536585365854
7,105,59,27,137,0.795454545454545,0.640243902439024,0.709459459459459,0.73780487804878,0.243801652892562,0.164634146341463
7,112,52,31,133,0.783216783216783,0.682926829268293,0.729641693811075,0.746951219512195,0.212244897959184,0.189024390243902
7,113,51,33,131,0.773972602739726,0.689024390243902,0.729032258064516,0.74390243902439,0.209016393442623,0.201219512195122
7,120,44,32,132,0.789473684210526,0.731707317073171,0.759493670886076,0.768292682926829,0.174603174603175,0.195121951219512
7,122,42,36,128,0.772151898734177,0.74390243902439,0.757763975155279,0.76219512195122,0.168,0.219512195121951
7,117,47,35,129,0.769736842105263,0.713414634146341,0.740506329113924,0.75,0.191056910569106,0.213414634146341
7,111,53,36,128,0.755102040816326,0.676829268292683,0.713826366559486,0.728658536585366,0.221757322175732,0.219512195121951
7,125,39,36,128,0.77639751552795,0.76219512195122,0.769230769230769,0.771341463414634,0.154150197628458,0.219512195121951
7,122,42,36,128,0.772151898734177,0.74390243902439,0.757763975155279,0.76219512195122,0.168,0.219512195121951
7,117,47,32,132,0.785234899328859,0.713414634146341,0.747603833865815,0.759146341463415,0.188755020080321,0.195121951219512
7,109,55,41,123,0.726666666666667,0.664634146341463,0.694267515923567,0.707317073170732,0.237068965517241,0.25
7,107,57,28,136,0.792592592592593,0.652439024390244,0.71571906354515,0.740853658536585,0.234567901234568,0.170731707317073
7,114,50,34,130,0.77027027027027,0.695121951219512,0.730769230769231,0.74390243902439,0.204918032786885,0.207317073170732
7,114,50,40,124,0.74025974025974,0.695121951219512,0.716981132075472,0.725609756097561,0.210084033613445,0.24390243902439
7,105,59,29,135,0.783582089552239,0.640243902439024,0.704697986577181,0.731707317073171,0.245833333333333,0.176829268292683
7,111,53,36,128,0.755102040816326,0.676829268292683,0.713826366559486,0.728658536585366,0.221757322175732,0.219512195121951
7,119,45,35,129,0.772727272727273,0.725609756097561,0.748427672955975,0.75609756097561,0.181451612903226,0.213414634146341
7,103,61,26,138,0.798449612403101,0.628048780487805,0.703071672354949,0.734756097560976,0.253112033195021,0.158536585365854
7,114,50,29,135,0.797202797202797,0.695121951219512,0.742671009771987,0.759146341463415,0.200803212851406,0.176829268292683
7,118,46,31,133,0.791946308724832,0.719512195121951,0.753993610223642,0.765243902439024,0.183266932270916,0.189024390243902
7,117,47,40,124,0.745222929936306,0.713414634146341,0.728971962616822,0.734756097560976,0.195020746887967,0.24390243902439
7,114,50,29,135,0.797202797202797,0.695121951219512,0.742671009771987,0.759146341463415,0.200803212851406,0.176829268292683
7,122,42,48,116,0.717647058823529,0.74390243902439,0.730538922155689,0.725609756097561,0.176470588235294,0.292682926829268
7,114,50,36,128,0.76,0.695121951219512,0.726114649681529,0.73780487804878,0.206611570247934,0.219512195121951
7,113,51,29,135,0.795774647887324,0.689024390243902,0.738562091503268,0.75609756097561,0.205645161290323,0.176829268292683
7,112,52,35,129,0.761904761904762,0.682926829268293,0.720257234726688,0.734756097560976,0.215767634854772,0.213414634146341
7,121,43,48,116,0.715976331360947,0.73780487804878,0.726726726726727,0.722560975609756,0.181434599156118,0.292682926829268
7,115,49,32,132,0.782312925170068,0.701219512195122,0.739549839228296,0.753048780487805,0.198380566801619,0.195121951219512
7,121,43,31,133,0.796052631578947,0.73780487804878,0.765822784810127,0.774390243902439,0.169291338582677,0.189024390243902
7,111,53,33,131,0.770833333333333,0.676829268292683,0.720779220779221,0.73780487804878,0.21900826446281,0.201219512195122
7,122,42,23,141,0.841379310344828,0.74390243902439,0.789644012944984,0.801829268292683,0.159695817490494,0.140243902439024
7,121,43,35,129,0.775641025641026,0.73780487804878,0.75625,0.76219512195122,0.172,0.213414634146341
7,128,36,34,130,0.790123456790123,0.780487804878049,0.785276073619632,0.786585365853659,0.13953488372093,0.207317073170732
7,111,53,25,139,0.816176470588235,0.676829268292683,0.74,0.76219512195122,0.212,0.152439024390244
7,110,54,31,133,0.780141843971631,0.670731707317073,0.721311475409836,0.740853658536585,0.222222222222222,0.189024390243902
7,121,43,36,128,0.770700636942675,0.73780487804878,0.753894080996885,0.759146341463415,0.172690763052209,0.219512195121951
8,115,49,28,136,0.804195804195804,0.701219512195122,0.749185667752443,0.765243902439024,0.195219123505976,0.170731707317073
8,108,56,32,132,0.771428571428571,0.658536585365854,0.710526315789474,0.731707317073171,0.233333333333333,0.195121951219512
8,118,46,35,129,0.77124183006536,0.719512195121951,0.744479495268139,0.753048780487805,0.186234817813765,0.213414634146341
8,122,42,38,126,0.7625,0.74390243902439,0.753086419753086,0.75609756097561,0.169354838709677,0.231707317073171
8,104,60,20,144,0.838709677419355,0.634146341463415,0.722222222222222,0.75609756097561,0.241935483870968,0.121951219512195
8,108,56,30,134,0.782608695652174,0.658536585365854,0.71523178807947,0.73780487804878,0.231404958677686,0.182926829268293
8,117,47,35,129,0.769736842105263,0.713414634146341,0.740506329113924,0.75,0.191056910569106,0.213414634146341
8,111,53,28,136,0.798561151079137,0.676829268292683,0.732673267326733,0.753048780487805,0.214574898785425,0.170731707317073
8,118,46,30,134,0.797297297297297,0.719512195121951,0.756410256410256,0.768292682926829,0.182539682539683,0.182926829268293
8,119,45,35,129,0.772727272727273,0.725609756097561,0.748427672955975,0.75609756097561,0.181451612903226,0.213414634146341
8,127,37,29,135,0.814102564102564,0.774390243902439,0.79375,0.798780487804878,0.141221374045802,0.176829268292683
8,125,39,34,130,0.786163522012579,0.76219512195122,0.773993808049536,0.777439024390244,0.152941176470588,0.207317073170732
8,117,47,46,118,0.717791411042945,0.713414634146341,0.715596330275229,0.716463414634146,0.2,0.280487804878049
8,123,41,33,131,0.788461538461538,0.75,0.76875,0.774390243902439,0.161417322834646,0.201219512195122
8,104,60,31,133,0.77037037037037,0.634146341463415,0.695652173913043,0.722560975609756,0.253164556962025,0.189024390243902
8,117,47,30,134,0.795918367346939,0.713414634146341,0.752411575562701,0.765243902439024,0.187250996015936,0.182926829268293
8,108,56,27,137,0.8,0.658536585365854,0.722408026755853,0.746951219512195,0.228571428571429,0.164634146341463
8,118,46,30,134,0.797297297297297,0.719512195121951,0.756410256410256,0.768292682926829,0.182539682539683,0.182926829268293
8,105,59,33,131,0.760869565217391,0.640243902439024,0.695364238410596,0.719512195121951,0.25,0.201219512195122
8,106,58,21,143,0.834645669291339,0.646341463414634,0.728522336769759,0.759146341463415,0.232931726907631,0.128048780487805
8,117,47,25,139,0.823943661971831,0.713414634146341,0.764705882352941,0.780487804878049,0.18359375,0.152439024390244
8,113,51,46,118,0.710691823899371,0.689024390243902,0.69969040247678,0.704268292682927,0.220779220779221,0.280487804878049
8,120,44,32,132,0.789473684210526,0.731707317073171,0.759493670886076,0.768292682926829,0.174603174603175,0.195121951219512
8,116,48,28,136,0.805555555555556,0.707317073170732,0.753246753246753,0.768292682926829,0.19047619047619,0.170731707317073
8,124,40,41,123,0.751515151515151,0.75609756097561,0.753799392097264,0.753048780487805,0.161943319838057,0.25
8,107,57,30,134,0.781021897810219,0.652439024390244,0.710963455149502,0.734756097560976,0.236514522821577,0.182926829268293
8,120,44,33,131,0.784313725490196,0.731707317073171,0.757097791798107,0.765243902439024,0.175298804780877,0.201219512195122
8,116,48,39,125,0.748387096774194,0.707317073170732,0.727272727272727,0.734756097560976,0.199170124481328,0.23780487804878
8,127,37,29,135,0.814102564102564,0.774390243902439,0.79375,0.798780487804878,0.141221374045802,0.176829268292683
8,147,17,120,44,0.550561797752809,0.896341463414634,0.682134570765661,0.582317073170732,0.0890052356020942,0.731707317073171
8,118,46,33,131,0.781456953642384,0.719512195121951,0.749206349206349,0.759146341463415,0.184738955823293,0.201219512195122
8,115,49,41,123,0.737179487179487,0.701219512195122,0.71875,0.725609756097561,0.205882352941176,0.25
8,110,54,28,136,0.797101449275362,0.670731707317073,0.728476821192053,0.75,0.219512195121951,0.170731707317073
8,122,42,33,131,0.787096774193548,0.74390243902439,0.764890282131661,0.771341463414634,0.16600790513834,0.201219512195122
8,121,43,35,129,0.775641025641026,0.73780487804878,0.75625,0.76219512195122,0.172,0.213414634146341
8,125,39,29,135,0.811688311688312,0.76219512195122,0.786163522012579,0.792682926829268,0.15,0.176829268292683
8,124,40,27,137,0.821192052980132,0.75609756097561,0.787301587301587,0.795731707317073,0.153256704980843,0.164634146341463
8,113,51,26,138,0.81294964028777,0.689024390243902,0.745874587458746,0.765243902439024,0.203187250996016,0.158536585365854
8,118,46,35,129,0.77124183006536,0.719512195121951,0.744479495268139,0.753048780487805,0.186234817813765,0.213414634146341
8,108,56,28,136,0.794117647058823,0.658536585365854,0.72,0.74390243902439,0.229508196721311,0.170731707317073
8,121,43,29,135,0.806666666666667,0.73780487804878,0.770700636942675,0.780487804878049,0.16796875,0.176829268292683
8,108,56,36,128,0.75,0.658536585365854,0.701298701298701,0.719512195121951,0.23728813559322,0.219512195121951
8,109,55,30,134,0.784172661870504,0.664634146341463,0.71947194719472,0.740853658536585,0.226337448559671,0.182926829268293
8,124,40,33,131,0.789808917197452,0.75609756097561,0.772585669781931,0.777439024390244,0.156862745098039,0.201219512195122
8,110,54,38,126,0.743243243243243,0.670731707317073,0.705128205128205,0.719512195121951,0.228813559322034,0.231707317073171
8,121,43,44,120,0.733333333333333,0.73780487804878,0.735562310030395,0.734756097560976,0.178423236514523,0.268292682926829
8,124,40,33,131,0.789808917197452,0.75609756097561,0.772585669781931,0.777439024390244,0.156862745098039,0.201219512195122
8,119,45,40,124,0.748427672955975,0.725609756097561,0.736842105263158,0.740853658536585,0.185185185185185,0.24390243902439
8,116,48,35,129,0.768211920529801,0.707317073170732,0.736507936507937,0.746951219512195,0.195918367346939,0.213414634146341
8,121,43,24,140,0.83448275862069,0.73780487804878,0.783171521035599,0.795731707317073,0.164750957854406,0.146341463414634
8,116,48,27,137,0.811188811188811,0.707317073170732,0.755700325732899,0.771341463414634,0.189723320158103,0.164634146341463
8,116,48,31,133,0.789115646258503,0.707317073170732,0.745980707395498,0.759146341463415,0.192771084337349,0.189024390243902
8,108,56,27,137,0.8,0.658536585365854,0.722408026755853,0.746951219512195,0.228571428571429,0.164634146341463
8,125,39,41,123,0.753012048192771,0.76219512195122,0.757575757575758,0.75609756097561,0.157258064516129,0.25
8,107,57,27,137,0.798507462686567,0.652439024390244,0.718120805369127,0.74390243902439,0.233606557377049,0.164634146341463
8,121,43,40,124,0.751552795031056,0.73780487804878,0.744615384615385,0.746951219512195,0.175510204081633,0.24390243902439
8,125,39,41,123,0.753012048192771,0.76219512195122,0.757575757575758,0.75609756097561,0.157258064516129,0.25
8,116,48,46,118,0.716049382716049,0.707317073170732,0.711656441717791,0.713414634146341,0.205128205128205,0.280487804878049
8,123,41,33,131,0.788461538461538,0.75,0.76875,0.774390243902439,0.161417322834646,0.201219512195122
8,115,49,29,135,0.798611111111111,0.701219512195122,0.746753246753247,0.76219512195122,0.196,0.176829268292683
8,106,58,30,134,0.779411764705882,0.646341463414634,0.706666666666667,0.731707317073171,0.241666666666667,0.182926829268293
8,115,49,37,127,0.756578947368421,0.701219512195122,0.727848101265823,0.73780487804878,0.202479338842975,0.225609756097561
8,116,48,37,127,0.758169934640523,0.707317073170732,0.73186119873817,0.740853658536585,0.197530864197531,0.225609756097561
8,123,41,29,135,0.809210526315789,0.75,0.778481012658228,0.786585365853659,0.158914728682171,0.176829268292683
8,110,54,25,139,0.814814814814815,0.670731707317073,0.735785953177257,0.759146341463415,0.216867469879518,0.152439024390244
8,119,45,36,128,0.767741935483871,0.725609756097561,0.746081504702194,0.753048780487805,0.182186234817814,0.219512195121951
8,122,42,27,137,0.818791946308725,0.74390243902439,0.779552715654952,0.789634146341463,0.162162162162162,0.164634146341463
8,107,57,25,139,0.810606060606061,0.652439024390244,0.722972972972973,0.75,0.231707317073171,0.152439024390244
8,117,47,29,135,0.801369863013699,0.713414634146341,0.754838709677419,0.768292682926829,0.186507936507937,0.176829268292683
8,117,47,43,121,0.73125,0.713414634146341,0.722222222222222,0.725609756097561,0.197478991596639,0.26219512195122
8,97,67,23,141,0.808333333333333,0.591463414634146,0.683098591549296,0.725609756097561,0.281512605042017,0.140243902439024
8,118,46,30,134,0.797297297297297,0.719512195121951,0.756410256410256,0.768292682926829,0.182539682539683,0.182926829268293
8,123,41,26,138,0.825503355704698,0.75,0.78594249201278,0.795731707317073,0.157088122605364,0.158536585365854
8,115,49,21,143,0.845588235294118,0.701219512195122,0.766666666666667,0.786585365853659,0.189922480620155,0.128048780487805
8,115,49,35,129,0.766666666666667,0.701219512195122,0.732484076433121,0.74390243902439,0.200819672131148,0.213414634146341
8,117,47,42,122,0.735849056603774,0.713414634146341,0.724458204334365,0.728658536585366,0.196652719665272,0.25609756097561
8,113,51,35,129,0.763513513513513,0.689024390243902,0.724358974358974,0.73780487804878,0.210743801652893,0.213414634146341
8,129,35,31,133,0.80625,0.786585365853659,0.796296296296296,0.798780487804878,0.133587786259542,0.189024390243902
8,117,47,39,125,0.75,0.713414634146341,0.73125,0.73780487804878,0.194214876033058,0.23780487804878
8,117,47,24,140,0.829787234042553,0.713414634146341,0.767213114754098,0.783536585365854,0.182879377431907,0.146341463414634
8,125,39,37,127,0.771604938271605,0.76219512195122,0.766871165644172,0.768292682926829,0.154761904761905,0.225609756097561
8,112,52,28,136,0.8,0.682926829268293,0.736842105263158,0.75609756097561,0.209677419354839,0.170731707317073
8,123,41,30,134,0.803921568627451,0.75,0.77602523659306,0.783536585365854,0.159533073929961,0.182926829268293
8,116,48,35,129,0.768211920529801,0.707317073170732,0.736507936507937,0.746951219512195,0.195918367346939,0.213414634146341
8,105,59,34,130,0.755395683453237,0.640243902439024,0.693069306930693,0.716463414634146,0.251063829787234,0.207317073170732
8,116,48,27,137,0.811188811188811,0.707317073170732,0.755700325732899,0.771341463414634,0.189723320158103,0.164634146341463
8,109,55,26,138,0.807407407407407,0.664634146341463,0.729096989966555,0.753048780487805,0.222672064777328,0.158536585365854
8,131,33,42,122,0.757225433526012,0.798780487804878,0.777448071216617,0.771341463414634,0.130434782608696,0.25609756097561
8,126,38,41,123,0.754491017964072,0.768292682926829,0.761329305135952,0.759146341463415,0.152610441767068,0.25
8,111,53,37,127,0.75,0.676829268292683,0.711538461538462,0.725609756097561,0.222689075630252,0.225609756097561
8,120,44,35,129,0.774193548387097,0.731707317073171,0.752351097178683,0.759146341463415,0.176706827309237,0.213414634146341
8,123,41,33,131,0.788461538461538,0.75,0.76875,0.774390243902439,0.161417322834646,0.201219512195122
8,106,58,30,134,0.779411764705882,0.646341463414634,0.706666666666667,0.731707317073171,0.241666666666667,0.182926829268293
8,110,54,19,145,0.852713178294574,0.670731707317073,0.750853242320819,0.777439024390244,0.211764705882353,0.115853658536585
8,113,51,34,130,0.768707482993197,0.689024390243902,0.726688102893891,0.740853658536585,0.209876543209877,0.207317073170732
8,119,45,37,127,0.762820512820513,0.725609756097561,0.74375,0.75,0.182926829268293,0.225609756097561
8,121,43,35,129,0.775641025641026,0.73780487804878,0.75625,0.76219512195122,0.172,0.213414634146341
8,125,39,34,130,0.786163522012579,0.76219512195122,0.773993808049536,0.777439024390244,0.152941176470588,0.207317073170732
8,115,49,40,124,0.741935483870968,0.701219512195122,0.721003134796238,0.728658536585366,0.205020920502092,0.24390243902439
8,131,33,32,132,0.803680981595092,0.798780487804878,0.801223241590214,0.801829268292683,0.125475285171103,0.195121951219512
